"","survey_id","trap_type","BMU","Diet_percent_Herbivorous_Detritivorous","Diet_percent_Herbivorous_Macroalgal","Diet_percent_Omnivorous","Diet_percent_Planktivorous","Diet_percent_Carnivorous"
"1","2021-05-18 11:57:00 SS/MAY/SB/082/FF","Control","MAYUNGU",50,0,16.6666666666667,0,33.3333333333333
"2","2021-05-18 12:03:00 SS/MAY/SB/043/FF","Control","MAYUNGU",40,0,20,0,40
"3","2021-05-18 12:06:00 SS/MAY/SB/047/FF","Control","MAYUNGU",42.8571428571429,0,14.2857142857143,0,42.8571428571429
"4","2021-05-18 12:07:00 SS/MAY/SB/036/FF","Control","MAYUNGU",37.5,0,12.5,0,50
"5","2021-05-18 12:30:00 SS/MAY/SB/002/FF","Control","MAYUNGU",75,0,0,0,25
"6","2021-05-18 12:35:00 SS/MAY/SB/033/FF","Control","MAYUNGU",28.5714285714286,0,14.2857142857143,0,57.1428571428571
"7","2021-05-18 12:45:00 SS/MAY/SB/013/FF","Control","MAYUNGU",44.4444444444444,0,0,0,55.5555555555556
"8","2021-05-18 12:45:00 SS/MAY/SB/030/FF","Control","MAYUNGU",40,0,0,0,60
"9","2021-05-18 12:45:00 SS/MAY/SB/077/FF","Control","MAYUNGU",50,0,0,0,50
"10","2021-05-18 13:00:00 SS/UYO/SB/094/FF","Control","UYOMBO",62.5,0,12.5,0,25
"11","2021-05-18 13:00:00 SS/UYO/SB/095/FF","Control","UYOMBO",0,0,0,0,100
"12","2021-05-18 14:00:00 SS/UYO/SB/085/FF","Control","UYOMBO",36.3636363636364,0,45.4545454545455,0,18.1818181818182
"13","2021-05-18 14:00:00 SS/UYO/SB/090/FF","Control","UYOMBO",100,0,0,0,0
"14","2021-05-18 14:00:00 SS/UYO/SB/091/FF","Control","UYOMBO",66.6666666666667,0,0,0,33.3333333333333
"15","2021-05-18 14:00:00 SS/UYO/SB/092/FF","Control","UYOMBO",100,0,0,0,0
"16","2021-05-18 14:00:00 SS/UYO/SB/100/FF","Control","UYOMBO",60,0,0,0,40
"17","2021-05-18 15:00:00 SS/UYO/SB/088/FF","Control","UYOMBO",50,0,0,0,50
"18","2021-05-18 17:15:00 SS/MAY/SB/041/FF","Control","MAYUNGU",50,0,16.6666666666667,0,33.3333333333333
"19","2021-05-18 17:30:00 SS/MAY/SB/041/FF","Control","MAYUNGU",50,0,16.6666666666667,0,33.3333333333333
"20","2021-05-18 18:45:00 SS/MAY/SB/003/FF","Control","MAYUNGU",50,0,0,0,50
"21","2021-05-18 22:50:00 SS/MAY/SB/006/FF","Control","MAYUNGU",50,0,16.6666666666667,0,33.3333333333333
"22","2021-05-18 23:25:00 SS/MAY/SB/011/FF","Control","MAYUNGU",33.3333333333333,0,0,0,66.6666666666667
"23","2021-05-18 23:45:00 SS/MAY/SB/074/FF","Control","MAYUNGU",38.4615384615385,0,0,0,61.5384615384615
"24","2021-05-19 11:43:00 SS/MAY/SB/042/FF","Control","MAYUNGU",33.3333333333333,0,33.3333333333333,0,33.3333333333333
"25","2021-05-19 12:25:00 SS/MAY/SB/002/FF","Control","MAYUNGU",25,0,0,0,75
"26","2021-05-19 12:25:00 SS/MAY/SB/006/FF","Control","MAYUNGU",50,0,0,0,50
"27","2021-05-19 12:30:00 SS/MAY/SB/030/FF","Control","MAYUNGU",41.1764705882353,0,11.7647058823529,5.88235294117647,41.1764705882353
"28","2021-05-19 12:35:00 SS/MAY/SB/034/FF","Control","MAYUNGU",75,0,0,0,25
"29","2021-05-19 12:47:00 SS/MAY/SB/074/FF","Control","MAYUNGU",57.1428571428571,0,14.2857142857143,0,28.5714285714286
"30","2021-05-19 12:50:00 SS/MAY/SB/033/FF","Control","MAYUNGU",50,0,0,0,50
"31","2021-05-19 12:57:00 SS/MAY/SB/043/FF","Control","MAYUNGU",60,0,0,0,40
"32","2021-05-19 13:15:00 SS/MAY/SB/029/FF","Control","MAYUNGU",40,0,20,20,20
"33","2021-05-19 13:15:00 SS/MAY/SB/058/FF","Control","MAYUNGU",40,0,20,20,20
"34","2021-05-19 13:15:00 SS/MAY/SB/081/FF","Control","MAYUNGU",40,0,20,20,20
"35","2021-05-19 14:00:00 SS/UYO/SB/089/FF","Control","UYOMBO",42.8571428571429,0,42.8571428571429,0,14.2857142857143
"36","2021-05-19 14:00:00 SS/UYO/SB/095/FF","Control","UYOMBO",40,0,20,0,40
"37","2021-05-19 14:30:00 SS/UYO/SB/094/FF","Control","UYOMBO",62.5,0,12.5,0,25
"38","2021-05-19 15:00:00 SS/UYO/SB/090/FF","Control","UYOMBO",60,0,20,0,20
"39","2021-05-19 15:00:00 SS/UYO/SB/096/FF","Control","UYOMBO",60,0,20,0,20
"40","2021-05-19 15:00:00 SS/UYO/SB/100/FF","Control","UYOMBO",60,0,20,0,20
"41","2021-05-19 15:15:00 SS/UYO/SB/091/FF","Control","UYOMBO",60,0,40,0,0
"42","2021-05-20 12:20:00 SS/MAY/SB/028/FF","Control","MAYUNGU",60,0,0,0,40
"43","2021-05-20 12:25:00 SS/MAY/SB/034/FF","Control","MAYUNGU",50,0,10,0,40
"44","2021-05-20 12:30:00 SS/MAY/SB/006/FF","Control","MAYUNGU",60,0,0,0,40
"45","2021-05-20 12:30:00 SS/MAY/SB/034/FF","Control","MAYUNGU",50,0,10,0,40
"46","2021-05-20 12:30:00 SS/MAY/SB/038/FF","Control","MAYUNGU",40,0,0,0,60
"47","2021-05-20 12:42:00 SS/MAY/SB/002/FF","Control","MAYUNGU",33.3333333333333,0,16.6666666666667,0,50
"48","2021-05-20 12:43:00 SS/MAY/SB/042/FF","Control","MAYUNGU",60,0,20,0,20
"49","2021-05-20 12:43:00 SS/MAY/SB/043/FF","Control","MAYUNGU",40,0,20,0,40
"50","2021-05-20 12:45:00 SS/MAY/SB/014/FF","Control","MAYUNGU",41.6666666666667,0,8.33333333333333,0,50
"51","2021-05-20 12:45:00 SS/MAY/SB/053/FF","Control","MAYUNGU",100,0,0,0,0
"52","2021-05-20 13:15:00 SS/MAY/SB/015/FF","Control","MAYUNGU",60,0,0,0,40
"53","2021-05-20 13:15:00 SS/MAY/SB/029/FF","Control","MAYUNGU",50,0,0,10,40
"54","2021-05-20 13:15:00 SS/MAY/SB/058/FF","Control","MAYUNGU",50,0,0,16.6666666666667,33.3333333333333
"55","2021-05-20 13:15:00 SS/MAY/SB/081/FF","Control","MAYUNGU",50,0,0,16.6666666666667,33.3333333333333
"56","2021-05-20 14:07:00 SS/MAY/SB/014/FF","Control","MAYUNGU",41.6666666666667,0,8.33333333333333,0,50
"57","2021-05-20 14:07:00 SS/MAY/SB/036/FF","Control","MAYUNGU",41.6666666666667,0,8.33333333333333,0,50
"58","2021-05-20 16:30:00 SS/UYO/SB/085/FF","Control","UYOMBO",37.5,0,50,0,12.5
"59","2021-05-20 16:30:00 SS/UYO/SB/091/FF","Control","UYOMBO",100,0,0,0,0
"60","2021-05-20 16:33:00 SS/MAY/SB/074/FF","Control","MAYUNGU",66.6666666666667,0,11.1111111111111,11.1111111111111,11.1111111111111
"61","2021-05-20 16:45:00 SS/MAY/SB/030/FF","Control","MAYUNGU",60,0,0,0,40
"62","2021-05-20 23:15:00 SS/MAY/SB/028/FF","Control","MAYUNGU",60,0,0,0,40
"63","2021-05-20 23:25:00 SS/MAY/SB/077/FF","Control","MAYUNGU",40,0,0,0,60
"64","2021-05-21 08:00:00 SS/UYO/SB/090/FF","Control","UYOMBO",80,0,20,0,0
"65","2021-05-21 10:30:00 SS/UYO/SB/088/FF","Control","UYOMBO",25,0,25,0,50
"66","2021-05-21 10:30:00 SS/UYO/SB/095/FF","Control","UYOMBO",50,0,20,0,30
"67","2021-05-21 10:30:00 SS/UYO/SB/100/FF","Control","UYOMBO",57.1428571428571,0,14.2857142857143,0,28.5714285714286
"68","2021-05-22 08:30:00 SS/UYO/SB/095/FF","Control","UYOMBO",33.3333333333333,0,16.6666666666667,0,50
"69","2021-05-22 09:00:00 SS/UYO/SB/089/FF","Control","UYOMBO",50,0,30,0,20
"70","2021-05-22 09:00:00 SS/UYO/SB/090/FF","Control","UYOMBO",100,0,0,0,0
"71","2021-05-22 09:00:00 SS/UYO/SB/091/FF","Control","UYOMBO",75,0,25,0,0
"72","2021-05-22 09:00:00 SS/UYO/SB/092/FF","Control","UYOMBO",60,0,0,0,40
"73","2021-05-22 09:00:00 SS/UYO/SB/094/FF","Control","UYOMBO",66.6666666666667,0,0,0,33.3333333333333
"74","2021-05-22 11:00:00 SS/MAY/SB/034/FF","Control","MAYUNGU",75,0,0,0,25
"75","2021-05-22 11:00:00 SS/UYO/SB/100/FF","Control","UYOMBO",50,0,0,0,50
"76","2021-05-22 11:25:00 SS/MAY/SB/082/FF","Control","MAYUNGU",75,0,0,0,25
"77","2021-05-22 12:45:00 SS/MAY/SB/013/FF","Control","MAYUNGU",60,0,20,0,20
"78","2021-05-22 12:45:00 SS/MAY/SB/077/FF","Control","MAYUNGU",80,0,20,0,0
"79","2021-05-23 01:00:00 SS/UYO/SB/100/FF","Control","UYOMBO",40,0,20,0,40
"80","2021-05-23 07:30:00 SS/UYO/SB/095/FF","Control","UYOMBO",50,0,25,0,25
"81","2021-05-23 09:00:00 SS/UYO/SB/096/FF","Control","UYOMBO",50,0,12.5,0,37.5
"82","2021-05-23 10:15:00 SS/UYO/SB/092/FF","Control","UYOMBO",100,0,0,0,0
"83","2021-05-23 12:15:00 SS/MAY/SB/001/FF","Control","MAYUNGU",75,0,0,0,25
"84","2021-05-23 12:15:00 SS/MAY/SB/002/FF","Control","MAYUNGU",75,0,0,0,25
"85","2021-05-23 12:15:00 SS/MAY/SB/015/FF","Control","MAYUNGU",75,0,0,0,25
"86","2021-05-23 12:15:00 SS/MAY/SB/034/FF","Control","MAYUNGU",66.6666666666667,0,0,0,33.3333333333333
"87","2021-05-23 12:15:00 SS/MAY/SB/045/FF","Control","MAYUNGU",100,0,0,0,0
"88","2021-05-23 12:25:00 SS/MAY/SB/082/FF","Control","MAYUNGU",60,0,20,0,20
"89","2021-05-23 12:25:00 SS/MAY/SB/083/FF","Control","MAYUNGU",60,0,20,0,20
"90","2021-05-23 12:35:00 SS/MAY/SB/033/FF","Control","MAYUNGU",75,0,0,0,25
"91","2021-05-23 13:30:00 SS/MAY/SB/074/FF","Control","MAYUNGU",100,0,0,0,0
"92","2021-05-24 08:00:00 SS/UYO/SB/095/FF","Control","UYOMBO",60,0,0,0,40
"93","2021-05-24 09:30:00 SS/UYO/SB/085/FF","Control","UYOMBO",45.4545454545455,0,18.1818181818182,0,36.3636363636364
"94","2021-05-24 09:30:00 SS/UYO/SB/089/FF","Control","UYOMBO",50,0,20,0,30
"95","2021-05-24 09:30:00 SS/UYO/SB/091/FF","Control","UYOMBO",80,0,20,0,0
"96","2021-05-24 09:30:00 SS/UYO/SB/100/FF","Control","UYOMBO",66.6666666666667,0,0,0,33.3333333333333
"97","2021-05-24 10:00:00 SS/UYO/SB/099/FF","Control","UYOMBO",57.1428571428571,0,14.2857142857143,0,28.5714285714286
"98","2021-05-24 11:45:00 SS/MAY/SB/074/FF","Control","MAYUNGU",33.3333333333333,0,16.6666666666667,0,50
"99","2021-05-24 12:15:00 SS/MAY/SB/002/FF","Control","MAYUNGU",100,0,0,0,0
"100","2021-05-24 12:15:00 SS/MAY/SB/015/FF","Control","MAYUNGU",100,0,0,0,0
"101","2021-05-24 12:50:00 SS/MAY/SB/013/FF","Control","MAYUNGU",75,0,0,0,25
"102","2021-05-24 12:50:00 SS/MAY/SB/077/FF","Control","MAYUNGU",100,0,0,0,0
"103","2021-05-25 08:30:00 SS/UYO/SB/095/FF","Control","UYOMBO",66.6666666666667,0,16.6666666666667,0,16.6666666666667
"104","2021-05-25 09:00:00 SS/UYO/SB/088/FF","Control","UYOMBO",50,0,0,0,50
"105","2021-05-25 10:00:00 SS/UYO/SB/086/FF","Control","UYOMBO",11.1111111111111,0,55.5555555555556,0,33.3333333333333
"106","2021-05-25 10:00:00 SS/UYO/SB/094/FF","Control","UYOMBO",25,0,37.5,0,37.5
"107","2021-05-25 10:00:00 SS/UYO/SB/100/FF","Control","UYOMBO",40,0,40,0,20
"108","2021-05-25 11:00:00 SS/UYO/SB/089/FF","Control","UYOMBO",62.5,0,0,0,37.5
"109","2021-05-25 11:00:00 SS/UYO/SB/090/FF","Control","UYOMBO",66.6666666666667,0,16.6666666666667,0,16.6666666666667
"110","2021-05-25 11:00:00 SS/UYO/SB/092/FF","Control","UYOMBO",50,0,0,0,50
"111","2021-05-25 11:00:00 SS/UYO/SB/099/FF","Control","UYOMBO",66.6666666666667,0,16.6666666666667,0,16.6666666666667
"112","2021-05-25 11:25:00 SS/MAY/SB/074/FF","Control","MAYUNGU",25,0,0,0,75
"113","2021-05-25 12:25:00 SS/MAY/SB/003/FF","Control","MAYUNGU",60,0,0,0,40
"114","2021-05-25 13:45:00 SS/MAY/SB/034/FF","Control","MAYUNGU",50,0,25,0,25
"115","2021-05-25 14:48:00 SS/MAY/SB/001/FF","Control","MAYUNGU",40,0,0,0,60
"116","2021-05-25 14:48:00 SS/MAY/SB/014/FF","Control","MAYUNGU",50,0,0,0,50
"117","2021-05-25 14:48:00 SS/MAY/SB/015/FF","Control","MAYUNGU",33.3333333333333,0,0,0,66.6666666666667
"118","2021-05-26 10:30:00 SS/UYO/SB/086/FF","Control","UYOMBO",50,0,16.6666666666667,0,33.3333333333333
"119","2021-05-26 10:30:00 SS/UYO/SB/088/FF","Control","UYOMBO",75,0,0,0,25
"120","2021-05-26 10:30:00 SS/UYO/SB/100/FF","Control","UYOMBO",75,0,25,0,0
"121","2021-05-26 11:00:00 SS/UYO/SB/085/FF","Control","UYOMBO",72.2222222222222,0,5.55555555555556,5.55555555555556,16.6666666666667
"122","2021-05-26 11:00:00 SS/UYO/SB/091/FF","Control","UYOMBO",55.5555555555556,0,33.3333333333333,0,11.1111111111111
"123","2021-05-26 11:00:00 SS/UYO/SB/097/FF","Control","UYOMBO",80,0,0,0,20
"124","2021-05-26 11:57:00 SS/MAY/SB/074/FF","Control","MAYUNGU",50,0,0,0,50
"125","2021-05-26 12:26:00 SS/MAY/SB/077/FF","Control","MAYUNGU",66.6666666666667,0,0,0,33.3333333333333
"126","2021-05-26 12:36:00 SS/MAY/SB/013/FF","Control","MAYUNGU",50,0,0,0,50
"127","2021-05-26 12:36:00 SS/MAY/SB/014/FF","Control","MAYUNGU",25,0,25,0,50
"128","2021-05-26 13:15:00 SS/MAY/SB/006/FF","Control","MAYUNGU",50,0,25,0,25
"129","2021-05-27 08:30:00 SS/UYO/SB/095/FF","Control","UYOMBO",33.3333333333333,0,16.6666666666667,0,50
"130","2021-05-27 09:00:00 SS/UYO/SB/100/FF","Control","UYOMBO",87.5,12.5,0,0,0
"131","2021-05-27 11:00:00 SS/UYO/SB/086/FF","Control","UYOMBO",50,0,0,0,50
"132","2021-05-27 11:00:00 SS/UYO/SB/088/FF","Control","UYOMBO",60,0,0,0,40
"133","2021-05-27 11:30:00 SS/UYO/SB/085/FF","Control","UYOMBO",72.2222222222222,0,5.55555555555556,5.55555555555556,16.6666666666667
"134","2021-05-27 11:30:00 SS/UYO/SB/090/FF","Control","UYOMBO",66.6666666666667,0,16.6666666666667,0,16.6666666666667
"135","2021-05-27 11:30:00 SS/UYO/SB/091/FF","Control","UYOMBO",71.4285714285714,0,28.5714285714286,0,0
"136","2021-05-28 12:00:00 SS/UYO/SB/089/FF","Control","UYOMBO",70,0,10,0,20
"137","2021-05-28 12:00:00 SS/UYO/SB/091/FF","Control","UYOMBO",62.5,0,25,0,12.5
"138","2021-05-28 12:00:00 SS/UYO/SB/092/FF","Control","UYOMBO",100,0,0,0,0
"139","2021-05-28 12:00:00 SS/UYO/SB/099/FF","Control","UYOMBO",57.1428571428571,0,28.5714285714286,0,14.2857142857143
"140","2021-05-28 SS/UYO/SB/096/FF","Control","UYOMBO",50,0,10,0,40
"141","2021-05-28 SS/UYO/SB/100/FF","Control","UYOMBO",61.5384615384615,0,15.3846153846154,7.69230769230769,15.3846153846154
"142","2021-05-29 09:00:00 SS/UYO/SB/088/FF","Control","UYOMBO",0,0,50,0,50
"143","2021-05-29 12:30:00 SS/UYO/SB/086/FF","Control","UYOMBO",70,0,20,0,10
"144","2021-05-29 12:30:00 SS/UYO/SB/090/FF","Control","UYOMBO",80,0,20,0,0
"145","2021-05-29 12:30:00 SS/UYO/SB/091/FF","Control","UYOMBO",100,0,0,0,0
"146","2021-05-29 12:30:00 SS/UYO/SB/092/FF","Control","UYOMBO",100,0,0,0,0
"147","2021-05-29 12:30:00 SS/UYO/SB/100/FF","Control","UYOMBO",66.6666666666667,0,22.2222222222222,0,11.1111111111111
"148","2021-05-30 10:30:00 SS/UYO/SB/095/FF","Control","UYOMBO",57.1428571428571,0,0,0,42.8571428571429
"149","2021-05-30 12:00:00 SS/UYO/SB/094/FF","Control","UYOMBO",33.3333333333333,0,33.3333333333333,0,33.3333333333333
"150","2021-05-30 13:30:00 SS/UYO/SB/092/FF","Control","UYOMBO",100,0,0,0,0
"151","2021-05-30 13:30:00 SS/UYO/SB/096/FF","Control","UYOMBO",50,0,25,0,25
"152","2021-05-30 13:30:00 SS/UYO/SB/100/FF","Control","UYOMBO",50,0,37.5,0,12.5
"153","2021-05-31 08:00:00 SS/UYO/SB/100/FF","Control","UYOMBO",50,0,33.3333333333333,0,16.6666666666667
"154","2021-05-31 14:00:00 SS/UYO/SB/091/FF","Control","UYOMBO",37.5,0,25,0,37.5
"155","2021-05-31 14:00:00 SS/UYO/SB/099/FF","Control","UYOMBO",50,0,25,0,25
"156","2021-06-01 09:00:00 SS/UYO/SB/088/FF","Control","UYOMBO",0,0,0,0,100
"157","2021-06-01 09:00:00 SS/UYO/SB/095/FF","Control","UYOMBO",66.6666666666667,0,0,0,33.3333333333333
"158","2021-06-01 14:30:00 SS/UYO/SB/089/FF","Control","UYOMBO",55.5555555555556,0,22.2222222222222,0,22.2222222222222
"159","2021-06-01 14:30:00 SS/UYO/SB/090/FF","Control","UYOMBO",100,0,0,0,0
"160","2021-06-01 14:30:00 SS/UYO/SB/095/FF","Control","UYOMBO",66.6666666666667,0,0,0,33.3333333333333
"161","2021-06-01 14:30:00 SS/UYO/SB/096/FF","Control","UYOMBO",50,0,33.3333333333333,0,16.6666666666667
"162","2021-06-01 15:00:00 SS/UYO/SB/092/FF","Control","UYOMBO",100,0,0,0,0
"163","2021-06-01 15:00:00 SS/UYO/SB/094/FF","Control","UYOMBO",50,0,0,0,50
"164","2021-06-02 09:30:00 SS/UYO/SB/088/FF","Control","UYOMBO",25,0,0,0,75
"165","2021-06-02 15:30:00 SS/UYO/SB/092/FF","Control","UYOMBO",66.6666666666667,0,33.3333333333333,0,0
"166","2021-06-02 16:00:00 SS/UYO/SB/085/FF","Control","UYOMBO",42.8571428571429,0,42.8571428571429,0,14.2857142857143
"167","2021-06-02 16:00:00 SS/UYO/SB/091/FF","Control","UYOMBO",100,0,0,0,0
"168","2021-06-02 16:00:00 SS/UYO/SB/099/FF","Control","UYOMBO",85.7142857142857,0,0,0,14.2857142857143
"169","2021-06-04 08:00:00 SS/UYO/SB/094/FF","Control","UYOMBO",33.3333333333333,0,33.3333333333333,0,33.3333333333333
"170","2021-06-04 08:30:00 SS/UYO/SB/088/FF","Control","UYOMBO",55.5555555555556,0,22.2222222222222,0,22.2222222222222
"171","2021-06-05 08:00:00 SS/UYO/SB/088/FF","Control","UYOMBO",33.3333333333333,0,0,0,66.6666666666667
"172","2021-06-05 08:00:00 SS/UYO/SB/091/FF","Control","UYOMBO",28.5714285714286,0,57.1428571428571,0,14.2857142857143
"173","2021-06-05 08:00:00 SS/UYO/SB/092/FF","Control","UYOMBO",100,0,0,0,0
"174","2021-06-06 07:30:00 SS/UYO/SB/100/FF","Control","UYOMBO",61.5384615384615,0,15.3846153846154,0,23.0769230769231
"175","2021-06-06 08:00:00 SS/UYO/SB/094/FF","Control","UYOMBO",42.8571428571429,0,28.5714285714286,0,28.5714285714286
"176","2021-06-06 08:00:00 SS/UYO/SB/096/FF","Control","UYOMBO",71.4285714285714,0,14.2857142857143,0,14.2857142857143
"177","2021-07-04 12:40:00 SS/MAY/SB/074/FF","Control","MAYUNGU",75,0,25,0,0
"178","2021-07-04 13:23:00 SS/MAY/SB/028/FF","Control","MAYUNGU",40,0,20,0,40
"179","2021-07-05 13:07:00 SS/MAY/SB/028/FF","Control","MAYUNGU",50,0,0,0,50
"180","2021-07-05 13:08:00 SS/MAY/SB/074/FF","Control","MAYUNGU",60,0,20,0,20
"181","2021-07-06 12:35:00 SS/MAY/SB/074/FF","Control","MAYUNGU",75,0,0,0,25
"182","2021-07-06 13:17:00 SS/MAY/SB/028/FF","Control","MAYUNGU",66.6666666666667,0,33.3333333333333,0,0
"183","2021-07-07 13:18:00 SS/MAY/SB/052/FF","Control","MAYUNGU",66.6666666666667,0,33.3333333333333,0,0
"184","2021-07-07 13:35:00 SS/MAY/SB/002/FF","Control","MAYUNGU",75,0,0,0,25
"185","2021-07-07 13:35:00 SS/MAY/SB/015/FF","Control","MAYUNGU",75,0,0,0,25
"186","2021-07-09 12:20:00 SS/MAY/SB/013/FF","Control","MAYUNGU",50,0,0,0,50
"187","2021-07-09 12:35:00 SS/MAY/SB/074/FF","Control","MAYUNGU",75,0,0,0,25
"188","2021-07-09 12:40:00 SS/MAY/SB/001/FF","Control","MAYUNGU",60,0,20,0,20
"189","2021-07-09 13:18:00 SS/MAY/SB/052/FF","Control","MAYUNGU",50,0,0,0,50
"190","2021-07-10 12:20:00 SS/MAY/SB/001/FF","Control","MAYUNGU",57.1428571428571,0,0,0,42.8571428571429
"191","2021-07-11 12:40:00 SS/MAY/SB/031/FF","Control","MAYUNGU",50,0,25,0,25
"192","2021-07-11 12:40:00 SS/MAY/SB/074/FF","Control","MAYUNGU",75,0,0,0,25
"193","2021-07-11 13:20:00 SS/MAY/SB/052/FF","Control","MAYUNGU",66.6666666666667,0,0,0,33.3333333333333
"194","2021-07-12 12:45:00 SS/MAY/SB/036/FF","Control","MAYUNGU",100,0,0,0,0
"195","2021-07-13 12:34:00 SS/MAY/SB/074/FF","Control","MAYUNGU",60,0,20,0,20
"196","2021-07-13 12:47:00 SS/MAY/SB/028/FF","Control","MAYUNGU",66.6666666666667,0,33.3333333333333,0,0
"197","2021-07-13 13:11:00 SS/MAY/SB/017/FF","Control","MAYUNGU",75,0,0,0,25
"198","2021-07-14 13:13:00 SS/MAY/SB/028/FF","Control","MAYUNGU",66.6666666666667,0,0,0,33.3333333333333
"199","2021-07-15 12:29:00 SS/MAY/SB/029/FF","Control","MAYUNGU",100,0,0,0,0
"200","2021-07-15 12:49:00 SS/MAY/SB/028/FF","Control","MAYUNGU",33.3333333333333,0,33.3333333333333,0,33.3333333333333
"201","2021-07-16 13:34:00 SS/MAY/SB/017/FF","Control","MAYUNGU",40,0,20,0,40
"202","2021-07-17 12:30:00 SS/MAY/SB/003/FF","Control","MAYUNGU",75,0,0,0,25
"203","2021-07-17 12:45:00 SS/MAY/SB/077/FF","Control","MAYUNGU",100,0,0,0,0
"204","2021-07-17 13:57:00 SS/MAY/SB/028/FF","Control","MAYUNGU",66.6666666666667,0,33.3333333333333,0,0
"205","2021-07-18 01:48:00 SS/MAY/SB/058/FF","Control","MAYUNGU",40,0,20,0,40
"206","2021-07-18 13:13:00 SS/MAY/SB/017/FF","Control","MAYUNGU",66.6666666666667,0,33.3333333333333,0,0
"207","2021-07-19 12:20:00 SS/MAY/SB/013/FF","Control","MAYUNGU",75,0,0,0,25
"208","2021-07-19 13:11:00 SS/MAY/SB/028/FF","Control","MAYUNGU",33.3333333333333,0,33.3333333333333,0,33.3333333333333
"209","2021-07-19 13:27:00 SS/MAY/SB/083/FF","Control","MAYUNGU",25,0,25,0,50
"210","2021-07-20 12:18:00 SS/MAY/SB/028/FF","Control","MAYUNGU",100,0,0,0,0
"211","2021-07-21 12:45:00 SS/MAY/SB/030/FF","Control","MAYUNGU",60,0,20,0,20
"212","2021-07-21 12:45:00 SS/MAY/SB/077/FF","Control","MAYUNGU",60,0,20,0,20
"213","2021-07-21 13:13:00 SS/MAY/SB/083/FF","Control","MAYUNGU",40,0,20,0,40
"214","2021-07-21 13:27:00 SS/MAY/SB/012/FF","Control","MAYUNGU",66.6666666666667,0,33.3333333333333,0,0
"215","2021-07-22 11:45:00 SS/MAY/SB/034/FF","Control","MAYUNGU",100,0,0,0,0
"216","2021-07-22 12:30:00 SS/MAY/SB/031/FF","Control","MAYUNGU",75,0,0,0,25
"217","2021-07-22 12:30:00 SS/MAY/SB/077/FF","Control","MAYUNGU",60,0,0,0,40
"218","2021-07-22 13:18:00 SS/MAY/SB/028/FF","Control","MAYUNGU",100,0,0,0,0
"219","2021-07-22 13:32:00 SS/MAY/SB/083/FF","Control","MAYUNGU",100,0,0,0,0
"220","2021-07-23 12:40:00 SS/MAY/SB/036/FF","Control","MAYUNGU",50,0,0,0,50
"221","2021-07-23 14:10:00 SS/MAY/SB/017/FF","Control","MAYUNGU",66.6666666666667,0,0,0,33.3333333333333
"222","2021-07-23 14:13:00 SS/MAY/SB/028/FF","Control","MAYUNGU",60,0,20,0,20
"223","2021-07-24 12:30:00 SS/MAY/SB/070/FF","Control","MAYUNGU",75,0,0,0,25
"224","2021-07-24 12:45:00 SS/MAY/SB/074/FF","Control","MAYUNGU",75,0,0,0,25
"225","2021-07-24 13:03:00 SS/MAY/SB/012/FF","Control","MAYUNGU",66.6666666666667,0,0,0,33.3333333333333
"226","2021-07-24 13:15:00 SS/MAY/SB/077/FF","Control","MAYUNGU",66.6666666666667,0,0,0,33.3333333333333
"227","2021-07-24 13:47:00 SS/MAY/SB/083/FF","Control","MAYUNGU",66.6666666666667,0,0,0,33.3333333333333
"228","2021-07-25 12:21:00 SS/MAY/SB/001/FF","Control","MAYUNGU",100,0,0,0,0
"229","2021-07-25 12:21:00 SS/MAY/SB/002/FF","Control","MAYUNGU",100,0,0,0,0
"230","2021-07-25 13:03:00 SS/MAY/SB/012/FF","Control","MAYUNGU",66.6666666666667,0,33.3333333333333,0,0
"231","2021-07-25 13:18:00 SS/MAY/SB/074/FF","Control","MAYUNGU",100,0,0,0,0
"232","2021-07-26 12:15:00 SS/MAY/SB/015/FF","Control","MAYUNGU",66.6666666666667,0,0,0,33.3333333333333
"233","2021-07-29 12:17:00 SS/MAY/SB/003/FF","Control","MAYUNGU",100,0,0,0,0
"234","2021-08-01 13:04:00 SS/MAY/SB/083/FF","Control","MAYUNGU",50,0,25,0,25
"235","2021-08-01 13:23:00 SS/MAY/SB/081/FF","Control","MAYUNGU",66.6666666666667,0,0,0,33.3333333333333
"236","2021-08-01 14:13:00 SS/MAY/SB/078/FF","Control","MAYUNGU",66.6666666666667,0,33.3333333333333,0,0
"237","2021-08-02 14:14:00 SS/MAY/SB/029/FF","Control","MAYUNGU",75,0,25,0,0
"238","2021-08-04 14:18:00 SS/MAY/SB/081/FF","Control","MAYUNGU",60,0,0,0,40
"239","2021-08-05 12:15:00 SS/MAY/SB/015/FF","Control","MAYUNGU",60,0,20,0,20
"240","2021-08-05 12:45:00 SS/MAY/SB/074/FF","Control","MAYUNGU",80,0,20,0,0
"241","2021-08-06 13:15:00 SS/MAY/SB/074/FF","Control","MAYUNGU",60,0,20,0,20
"242","2021-08-07 12:40:00 SS/MAY/SB/074/FF","Control","MAYUNGU",75,0,0,0,25
"243","2021-08-07 13:35:00 SS/MAY/SB/015/FF","Control","MAYUNGU",100,0,0,0,0
"244","2021-08-13 12:13:00 SS/MAY/SB/026/FF","Control","MAYUNGU",100,0,0,0,0
"245","2021-08-13 12:13:00 SS/MAY/SB/026/FF","Experimental","MAYUNGU",66.6666666666667,0,33.3333333333333,0,0
"246","2021-08-13 12:18:00 SS/MAY/SB/043/FF","Experimental","MAYUNGU",66.6666666666667,0,0,0,33.3333333333333
"247","2021-08-13 12:30:00 SS/MAY/SB/001/FF","Control","MAYUNGU",75,0,0,0,25
"248","2021-08-13 12:30:00 SS/MAY/SB/001/FF","Experimental","MAYUNGU",75,0,0,0,25
"249","2021-08-13 12:33:00 SS/MAY/SB/027/FF","Control","MAYUNGU",100,0,0,0,0
"250","2021-08-13 12:44:00 SS/MAY/SB/042/FF","Experimental","MAYUNGU",75,0,0,0,25
"251","2021-08-13 13:04:00 SS/MAY/SB/017/FF","Control","MAYUNGU",66.6666666666667,0,0,0,33.3333333333333
"252","2021-08-13 13:04:00 SS/MAY/SB/082/FF","Experimental","MAYUNGU",75,0,0,0,25
"253","2021-08-13 13:17:00 SS/MAY/SB/058/FF","Experimental","MAYUNGU",25,0,25,0,50
"254","2021-08-13 13:20:00 SS/MAY/SB/031/FF","Experimental","MAYUNGU",60,0,20,0,20
"255","2021-08-13 13:30:00 SS/MAY/SB/010/FF","Experimental","MAYUNGU",60,0,20,0,20
"256","2021-08-13 13:33:00 SS/MAY/SB/012/FF","Experimental","MAYUNGU",75,0,25,0,0
"257","2021-08-13 13:33:00 SS/MAY/SB/028/FF","Experimental","MAYUNGU",75,0,25,0,0
"258","2021-08-14 12:00:00 SS/MAY/SB/033/FF","Control","MAYUNGU",75,0,0,0,25
"259","2021-08-14 12:40:00 SS/MAY/SB/001/FF","Control","MAYUNGU",60,0,0,0,40
"260","2021-08-14 12:40:00 SS/MAY/SB/011/FF","Experimental","MAYUNGU",75,0,0,0,25
"261","2021-08-15 12:04:00 SS/MAY/SB/042/FF","Control","MAYUNGU",50,0,0,0,50
"262","2021-08-15 12:04:00 SS/MAY/SB/042/FF","Experimental","MAYUNGU",66.6666666666667,0,33.3333333333333,0,0
"263","2021-08-15 12:41:00 SS/MAY/SB/070/FF","Control","MAYUNGU",60,0,20,0,20
"264","2021-08-15 13:17:00 SS/MAY/SB/001/FF","Control","MAYUNGU",100,0,0,0,0
"265","2021-08-15 13:17:00 SS/MAY/SB/001/FF","Experimental","MAYUNGU",66.6666666666667,0,0,0,33.3333333333333
"266","2021-08-15 13:37:00 SS/MAY/SB/078/FF","Experimental","MAYUNGU",66.6666666666667,0,0,0,33.3333333333333
"267","2021-08-15 14:20:00 SS/MAY/SB/010/FF","Experimental","MAYUNGU",66.6666666666667,0,0,0,33.3333333333333
"268","2021-08-16 13:15:00 SS/MAY/SB/001/FF","Control","MAYUNGU",100,0,0,0,0
"269","2021-08-16 13:35:00 SS/MAY/SB/010/FF","Experimental","MAYUNGU",100,0,0,0,0
"270","2021-08-17 12:15:00 SS/MAY/SB/033/FF","Control","MAYUNGU",80,0,20,0,0
"271","2021-08-17 12:40:00 SS/MAY/SB/001/FF","Experimental","MAYUNGU",100,0,0,0,0
"272","2021-08-18 12:32:00 SS/MAY/SB/026/FF","Control","MAYUNGU",100,0,0,0,0
"273","2021-08-18 12:50:00 SS/MAY/SB/042/FF","Control","MAYUNGU",100,0,0,0,0
"274","2021-08-18 12:57:00 SS/MAY/SB/027/FF","Control","MAYUNGU",50,0,0,0,50
"275","2021-08-18 13:19:00 SS/MAY/SB/074/FF","Control","MAYUNGU",66.6666666666667,0,0,0,33.3333333333333
"276","2021-08-18 13:20:00 SS/MAY/SB/001/FF","Experimental","MAYUNGU",100,0,0,0,0
"277","2021-08-18 14:02:00 SS/MAY/SB/078/FF","Control","MAYUNGU",50,0,16.6666666666667,0,33.3333333333333
"278","2021-08-18 14:02:00 SS/MAY/SB/078/FF","Experimental","MAYUNGU",50,0,25,0,25
"279","2021-08-20 12:40:00 SS/MAY/SB/001/FF","Control","MAYUNGU",50,0,0,0,50
"280","2021-08-20 12:40:00 SS/MAY/SB/003/FF","Experimental","MAYUNGU",100,0,0,0,0
"281","2021-08-20 12:40:00 SS/MAY/SB/074/FF","Experimental","MAYUNGU",100,0,0,0,0
"282","2021-08-23 12:43:00 SS/MAY/SB/026/FF","Control","MAYUNGU",66.6666666666667,0,0,0,33.3333333333333
"283","2021-08-23 12:50:00 SS/MAY/SB/027/FF","Experimental","MAYUNGU",66.6666666666667,0,33.3333333333333,0,0
"284","2021-08-23 12:57:00 SS/MAY/SB/042/FF","Control","MAYUNGU",50,0,25,0,25
"285","2021-08-23 13:03:00 SS/MAY/SB/065/FF","Control","MAYUNGU",75,0,0,0,25
"286","2021-08-23 13:22:00 SS/MAY/SB/012/FF","Experimental","MAYUNGU",50,0,25,0,25
"287","2021-08-25 10:30:00 SS/UYO/SB/071/FF","Control","UYOMBO",100,0,0,0,0
"288","2021-08-25 10:30:00 SS/UYO/SB/079/FF","Control","UYOMBO",20,0,40,0,40
"289","2021-08-25 10:30:00 SS/UYO/SB/086/FF","Control","UYOMBO",0,0,50,0,50
"290","2021-08-25 10:30:00 SS/UYO/SB/088/FF","Control","UYOMBO",38.4615384615385,0,23.0769230769231,0,38.4615384615385
"291","2021-08-25 10:30:00 SS/UYO/SB/090/FF","Control","UYOMBO",66.6666666666667,0,16.6666666666667,0,16.6666666666667
"292","2021-08-25 10:30:00 SS/UYO/SB/091/FF","Control","UYOMBO",77.7777777777778,0,0,0,22.2222222222222
"293","2021-08-25 10:30:00 SS/UYO/SB/092/FF","Control","UYOMBO",100,0,0,0,0
"294","2021-08-25 10:30:00 SS/UYO/SB/094/FF","Control","UYOMBO",66.6666666666667,0,33.3333333333333,0,0
"295","2021-08-25 12:15:00 SS/MAY/SB/034/FF","Control","MAYUNGU",60,0,20,0,20
"296","2021-08-25 12:40:00 SS/MAY/SB/002/FF","Experimental","MAYUNGU",83.3333333333333,0,16.6666666666667,0,0
"297","2021-08-25 13:21:00 SS/MAY/SB/033/FF","Experimental","MAYUNGU",75,0,0,0,25
"298","2021-08-25 13:22:00 SS/MAY/SB/002/FF","Control","MAYUNGU",66.6666666666667,0,11.1111111111111,11.1111111111111,11.1111111111111
"299","2021-08-25 13:37:00 SS/MAY/SB/070/FF","Experimental","MAYUNGU",50,0,25,0,25
"300","2021-08-27 12:30:00 SS/UYO/SB/079/FF","Control","UYOMBO",0,0,0,0,100
"301","2021-08-27 12:30:00 SS/UYO/SB/089/FF","Control","UYOMBO",60,0,0,0,40
"302","2021-08-27 12:30:00 SS/UYO/SB/091/FF","Control","UYOMBO",70,0,20,0,10
"303","2021-08-27 12:30:00 SS/UYO/SB/092/FF","Control","UYOMBO",75,0,0,0,25
"304","2021-08-27 12:30:00 SS/UYO/SB/094/FF","Control","UYOMBO",0,0,50,0,50
"305","2021-08-28 12:15:00 SS/MAY/SB/066/FF","Control","MAYUNGU",66.6666666666667,0,0,0,33.3333333333333
"306","2021-08-28 12:35:00 SS/MAY/SB/068/FF","Control","MAYUNGU",100,0,0,0,0
"307","2021-08-28 12:36:00 SS/MAY/SB/033/FF","Control","MAYUNGU",100,0,0,0,0
"308","2021-08-28 12:45:00 SS/MAY/SB/002/FF","Control","MAYUNGU",50,0,25,0,25
"309","2021-08-28 12:45:00 SS/MAY/SB/015/FF","Control","MAYUNGU",50,0,25,0,25
"310","2021-08-30 08:00:00 SS/UYO/SB/088/FF","Control","UYOMBO",40,0,40,0,20
"311","2021-08-30 08:00:00 SS/UYO/SB/100/FF","Control","UYOMBO",40,20,30,0,10
"312","2021-08-30 14:00:00 SS/UYO/SB/092/FF","Control","UYOMBO",66.6666666666667,0,0,0,33.3333333333333
"313","2021-09-01 07:00:00 SS/UYO/SB/088/FF","Control","UYOMBO",26.6666666666667,0,13.3333333333333,0,60
"314","2021-09-01 07:00:00 SS/UYO/SB/090/FF","Control","UYOMBO",55.5555555555556,0,22.2222222222222,0,22.2222222222222
"315","2021-09-01 07:00:00 SS/UYO/SB/100/FF","Control","UYOMBO",62.5,0,12.5,0,25
"316","2021-09-03 07:30:00 SS/UYO/SB/085/FF","Control","UYOMBO",66.6666666666667,0,16.6666666666667,0,16.6666666666667
"317","2021-09-03 07:30:00 SS/UYO/SB/086/FF","Control","UYOMBO",28.5714285714286,0,28.5714285714286,0,42.8571428571429
"318","2021-09-03 07:30:00 SS/UYO/SB/088/FF","Control","UYOMBO",40,0,20,0,40
"319","2021-09-03 07:30:00 SS/UYO/SB/089/FF","Control","UYOMBO",66.6666666666667,0,16.6666666666667,0,16.6666666666667
"320","2021-09-04 08:00:00 SS/UYO/SB/085/FF","Control","UYOMBO",83.3333333333333,0,16.6666666666667,0,0
"321","2021-09-04 08:00:00 SS/UYO/SB/091/FF","Control","UYOMBO",100,0,0,0,0
"322","2021-09-04 08:00:00 SS/UYO/SB/095/FF","Control","UYOMBO",40,0,40,0,20
"323","2021-09-05 08:30:00 SS/UYO/SB/088/FF","Control","UYOMBO",14.2857142857143,0,21.4285714285714,0,64.2857142857143
"324","2021-09-05 08:30:00 SS/UYO/SB/092/FF","Control","UYOMBO",50,0,25,0,25
"325","2021-09-05 08:30:00 SS/UYO/SB/094/FF","Control","UYOMBO",60,0,40,0,0
"326","2021-09-06 09:00:00 SS/UYO/SB/039/FF","Control","UYOMBO",36.3636363636364,0,36.3636363636364,0,27.2727272727273
"327","2021-09-06 09:00:00 SS/UYO/SB/085/FF","Control","UYOMBO",85.7142857142857,0,14.2857142857143,0,0
"328","2021-09-06 09:00:00 SS/UYO/SB/085/FF","Experimental","UYOMBO",100,0,0,0,0
"329","2021-09-06 09:00:00 SS/UYO/SB/086/FF","Control","UYOMBO",25,0,50,0,25
"330","2021-09-06 09:00:00 SS/UYO/SB/091/FF","Control","UYOMBO",55.5555555555556,0,0,0,44.4444444444444
"331","2021-09-06 09:00:00 SS/UYO/SB/092/FF","Control","UYOMBO",80,0,20,0,0
"332","2021-09-06 09:00:00 SS/UYO/SB/094/FF","Control","UYOMBO",50,0,16.6666666666667,0,33.3333333333333
"333","2021-09-06 09:00:00 SS/UYO/SB/099/FF","Experimental","UYOMBO",100,0,0,0,0
"334","2021-09-06 09:00:00 SS/UYO/SB/100/FF","Control","UYOMBO",0,0,33.3333333333333,0,66.6666666666667
"335","2021-09-07 09:30:00 SS/UYO/SB/085/FF","Control","UYOMBO",57.1428571428571,0,14.2857142857143,0,28.5714285714286
"336","2021-09-07 09:30:00 SS/UYO/SB/088/FF","Control","UYOMBO",40,0,20,0,40
"337","2021-09-07 09:30:00 SS/UYO/SB/091/FF","Control","UYOMBO",85.7142857142857,0,0,0,14.2857142857143
"338","2021-09-07 09:30:00 SS/UYO/SB/092/FF","Control","UYOMBO",100,0,0,0,0
"339","2021-09-07 09:30:00 SS/UYO/SB/094/FF","Control","UYOMBO",33.3333333333333,0,16.6666666666667,0,50
"340","2021-09-08 10:00:00 SS/UYO/SB/090/FF","Control","UYOMBO",80,0,0,0,20
"341","2021-09-08 10:00:00 SS/UYO/SB/091/FF","Control","UYOMBO",50,0,25,0,25
"342","2021-09-08 10:00:00 SS/UYO/SB/095/FF","Control","UYOMBO",37.5,0,25,0,37.5
"343","2021-09-09 10:30:00 SS/UYO/SB/039/FF","Control","UYOMBO",44.4444444444444,0,22.2222222222222,0,33.3333333333333
"344","2021-09-09 10:30:00 SS/UYO/SB/085/FF","Control","UYOMBO",80,0,20,0,0
"345","2021-09-09 10:30:00 SS/UYO/SB/091/FF","Control","UYOMBO",60,0,20,0,20
"346","2021-09-09 10:30:00 SS/UYO/SB/092/FF","Control","UYOMBO",75,0,25,0,0
"347","2021-09-09 10:30:00 SS/UYO/SB/099/FF","Control","UYOMBO",100,0,0,0,0
"348","2021-09-09 10:30:00 SS/UYO/SB/100/FF","Control","UYOMBO",0,0,0,0,100
"349","2021-09-10 11:00:00 SS/UYO/SB/071/FF","Control","UYOMBO",55.5555555555556,0,11.1111111111111,0,33.3333333333333
"350","2021-09-10 11:00:00 SS/UYO/SB/085/FF","Control","UYOMBO",55.5555555555556,0,11.1111111111111,0,33.3333333333333
"351","2021-09-10 11:00:00 SS/UYO/SB/088/FF","Control","UYOMBO",25,0,25,0,50
"352","2021-09-11 11:30:00 SS/UYO/SB/089/FF","Control","UYOMBO",71.4285714285714,0,14.2857142857143,0,14.2857142857143
"353","2021-09-11 11:30:00 SS/UYO/SB/092/FF","Control","UYOMBO",50,0,50,0,0
"354","2021-09-12 12:00:00 SS/UYO/SB/094/FF","Control","UYOMBO",66.6666666666667,0,33.3333333333333,0,0
"355","2021-09-13 07:30:00 SS/UYO/SB/071/FF","Control","UYOMBO",71.4285714285714,0,14.2857142857143,0,14.2857142857143
"356","2021-09-13 07:30:00 SS/UYO/SB/088/FF","Control","UYOMBO",33.3333333333333,0,22.2222222222222,0,44.4444444444444
"357","2021-09-13 07:30:00 SS/UYO/SB/100/FF","Control","UYOMBO",71.4285714285714,14.2857142857143,0,14.2857142857143,0
"358","2021-09-13 12:30:00 SS/UYO/SB/085/FF","Control","UYOMBO",55.5555555555556,0,22.2222222222222,0,22.2222222222222
"359","2021-09-13 12:30:00 SS/UYO/SB/091/FF","Control","UYOMBO",66.6666666666667,0,33.3333333333333,0,0
"360","2021-09-13 12:30:00 SS/UYO/SB/094/FF","Control","UYOMBO",25,0,75,0,0
"361","2021-09-14 08:00:00 SS/UYO/SB/088/FF","Control","UYOMBO",20,0,20,0,60
"362","2021-09-14 08:00:00 SS/UYO/SB/095/FF","Control","UYOMBO",22.2222222222222,0,22.2222222222222,0,55.5555555555556
"363","2021-09-14 13:00:00 SS/UYO/SB/085/FF","Control","UYOMBO",77.7777777777778,0,22.2222222222222,0,0
"364","2021-09-14 13:00:00 SS/UYO/SB/090/FF","Control","UYOMBO",60,0,20,0,20
"365","2021-09-14 13:00:00 SS/UYO/SB/092/FF","Control","UYOMBO",60,0,20,0,20
"366","2021-09-15 08:30:00 SS/UYO/SB/039/FF","Control","UYOMBO",20,0,30,0,50
"367","2021-09-15 08:30:00 SS/UYO/SB/095/FF","Control","UYOMBO",18.1818181818182,0,18.1818181818182,0,63.6363636363636
"368","2021-09-15 08:30:00 SS/UYO/SB/100/FF","Control","UYOMBO",100,0,0,0,0
"369","2021-09-16 09:00:00 SS/UYO/SB/079/FF","Control","UYOMBO",66.6666666666667,0,33.3333333333333,0,0
"370","2021-09-16 09:00:00 SS/UYO/SB/095/FF","Control","UYOMBO",14.2857142857143,0,28.5714285714286,0,57.1428571428571
"371","2021-09-17 07:00:00 SS/UYO/SB/039/FF","Control","UYOMBO",50,0,0,0,50
"372","2021-09-17 07:00:00 SS/UYO/SB/089/FF","Control","UYOMBO",77.7777777777778,0,11.1111111111111,0,11.1111111111111
"373","2021-09-17 07:00:00 SS/UYO/SB/090/FF","Control","UYOMBO",57.1428571428571,0,14.2857142857143,0,28.5714285714286
"374","2021-09-18 07:30:00 SS/UYO/SB/079/FF","Control","UYOMBO",100,0,0,0,0
"375","2021-09-18 07:30:00 SS/UYO/SB/091/FF","Control","UYOMBO",44.4444444444444,0,11.1111111111111,0,44.4444444444444
"376","2021-09-18 07:30:00 SS/UYO/SB/094/FF","Control","UYOMBO",66.6666666666667,0,33.3333333333333,0,0
"377","2021-09-18 07:30:00 SS/UYO/SB/095/FF","Control","UYOMBO",57.1428571428571,0,0,0,42.8571428571429
"378","2021-09-19 08:00:00 SS/UYO/SB/095/FF","Control","UYOMBO",55.5555555555556,0,11.1111111111111,0,33.3333333333333
"379","2021-09-20 08:30:00 SS/UYO/SB/085/FF","Experimental","UYOMBO",100,0,0,0,0
"380","2021-09-20 08:30:00 SS/UYO/SB/088/FF","Control","UYOMBO",37.5,0,25,0,37.5
"381","2021-09-20 08:30:00 SS/UYO/SB/088/FF","Experimental","UYOMBO",100,0,0,0,0
"382","2021-09-20 08:30:00 SS/UYO/SB/091/FF","Control","UYOMBO",43.75,0,37.5,0,18.75
"383","2021-09-20 08:30:00 SS/UYO/SB/092/FF","Control","UYOMBO",100,0,0,0,0
"384","2021-09-20 08:30:00 SS/UYO/SB/094/FF","Control","UYOMBO",66.6666666666667,0,0,0,33.3333333333333
"385","2021-09-20 08:30:00 SS/UYO/SB/095/FF","Control","UYOMBO",22.2222222222222,11.1111111111111,11.1111111111111,0,55.5555555555556
"386","2021-09-20 08:30:00 SS/UYO/SB/099/FF","Control","UYOMBO",50,0,37.5,0,12.5
"387","2021-09-21 09:00:00 SS/UYO/SB/020/FF","Experimental","UYOMBO",0,0,0,0,100
"388","2021-09-21 09:00:00 SS/UYO/SB/085/FF","Control","UYOMBO",40,0,40,0,20
"389","2021-09-21 09:00:00 SS/UYO/SB/091/FF","Control","UYOMBO",46.1538461538462,0,15.3846153846154,0,38.4615384615385
"390","2021-09-21 09:00:00 SS/UYO/SB/099/FF","Control","UYOMBO",75,0,0,0,25
"391","2021-09-21 09:00:00 SS/UYO/SB/100/FF","Control","UYOMBO",50,0,25,0,25
"392","2021-09-22 09:30:00 SS/UYO/SB/085/FF","Control","UYOMBO",50,0,20,0,30
"393","2021-09-22 09:30:00 SS/UYO/SB/091/FF","Control","UYOMBO",53.3333333333333,0,13.3333333333333,0,33.3333333333333
"394","2021-09-23 10:00:00 SS/UYO/SB/086/FF","Control","UYOMBO",60,0,20,0,20
"395","2021-09-23 10:00:00 SS/UYO/SB/091/FF","Control","UYOMBO",63.6363636363636,0,9.09090909090909,0,27.2727272727273
"396","2021-09-23 10:00:00 SS/UYO/SB/094/FF","Control","UYOMBO",0,0,0,0,100
"397","2021-09-23 10:00:00 SS/UYO/SB/095/FF","Control","UYOMBO",0,0,50,0,50
"398","2021-09-23 10:00:00 SS/UYO/SB/099/FF","Control","UYOMBO",57.1428571428571,0,0,0,42.8571428571429
"399","2021-09-24 10:30:00 SS/UYO/SB/091/FF","Control","UYOMBO",50,0,8.33333333333333,0,41.6666666666667
"400","2021-09-25 11:00:00 SS/UYO/SB/071/FF","Control","UYOMBO",50,0,50,0,0
"401","2021-09-25 11:00:00 SS/UYO/SB/088/FF","Control","UYOMBO",38.4615384615385,0,30.7692307692308,0,30.7692307692308
"402","2021-09-25 11:00:00 SS/UYO/SB/091/FF","Control","UYOMBO",50,0,14.2857142857143,0,35.7142857142857
"403","2021-09-25 11:00:00 SS/UYO/SB/092/FF","Control","UYOMBO",50,0,0,0,50
"404","2021-09-25 11:00:00 SS/UYO/SB/099/FF","Control","UYOMBO",57.1428571428571,0,28.5714285714286,0,14.2857142857143
"405","2021-09-25 11:00:00 SS/UYO/SB/099/FF","Experimental","UYOMBO",0,0,0,0,100
"406","2021-09-27 12:00:00 SS/UYO/SB/039/FF","Control","UYOMBO",50,0,25,0,25
"407","2021-09-27 12:00:00 SS/UYO/SB/085/FF","Control","UYOMBO",57.1428571428571,0,28.5714285714286,0,14.2857142857143
"408","2021-09-27 12:00:00 SS/UYO/SB/091/FF","Control","UYOMBO",50,0,7.14285714285714,0,42.8571428571429
"409","2021-09-28 12:30:00 SS/UYO/SB/039/FF","Control","UYOMBO",50,0,0,0,50
"410","2021-09-28 12:30:00 SS/UYO/SB/090/FF","Experimental","UYOMBO",100,0,0,0,0
"411","2021-09-28 12:30:00 SS/UYO/SB/093/FF","Control","UYOMBO",20,0,80,0,0
"412","2021-09-28 12:30:00 SS/UYO/SB/100/FF","Control","UYOMBO",0,0,33.3333333333333,0,66.6666666666667
"413","2021-09-29 13:00:00 SS/UYO/SB/039/FF","Control","UYOMBO",40,0,10,0,50
"414","2021-09-29 13:00:00 SS/UYO/SB/095/FF","Control","UYOMBO",25,0,25,0,50
"415","2021-09-29 13:00:00 SS/UYO/SB/099/FF","Control","UYOMBO",100,0,0,0,0
"416","2021-09-29 13:00:00 SS/UYO/SB/100/FF","Control","UYOMBO",62.5,0,12.5,0,25
"417","2021-09-30 07:00:00 SS/UYO/SB/071/FF","Control","UYOMBO",26.6666666666667,0,20,0,53.3333333333333
"418","2021-10-01 07:00:00 SS/UYO/SB/039/FF","Control","UYOMBO",66.6666666666667,0,16.6666666666667,0,16.6666666666667
"419","2021-10-01 07:00:00 SS/UYO/SB/086/FF","Control","UYOMBO",66.6666666666667,0,16.6666666666667,0,16.6666666666667
"420","2021-10-01 07:00:00 SS/UYO/SB/094/FF","Control","UYOMBO",25,0,50,0,25
"421","2021-10-01 07:00:00 SS/UYO/SB/100/FF","Control","UYOMBO",71.4285714285714,0,14.2857142857143,0,14.2857142857143
"422","2021-10-02 07:30:00 SS/UYO/SB/085/FF","Control","UYOMBO",25,0,50,0,25
"423","2021-10-02 07:30:00 SS/UYO/SB/090/FF","Control","UYOMBO",66.6666666666667,0,0,0,33.3333333333333
"424","2021-10-02 07:30:00 SS/UYO/SB/091/FF","Control","UYOMBO",66.6666666666667,0,0,0,33.3333333333333
"425","2021-10-02 07:30:00 SS/UYO/SB/095/FF","Control","UYOMBO",50,0,50,0,0
"426","2021-11-01 12:05:00 SS/MAY/SB/065/FF","Control","MAYUNGU",80,0,0,0,20
"427","2021-11-01 12:05:00 SS/MAY/SB/065/FF","Experimental","MAYUNGU",100,0,0,0,0
"428","2021-11-01 12:35:00 SS/MAY/SB/077/FF","Control","MAYUNGU",75,0,0,0,25
"429","2021-11-01 12:37:00 SS/MAY/SB/033/FF","Control","MAYUNGU",66.6666666666667,0,11.1111111111111,0,22.2222222222222
"430","2021-11-01 12:40:00 SS/MAY/SB/001/FF","Control","MAYUNGU",75,0,0,0,25
"431","2021-11-01 12:40:00 SS/MAY/SB/034/FF","Control","MAYUNGU",80,0,0,0,20
"432","2021-11-01 13:00:00 SS/MAY/SB/042/FF","Control","MAYUNGU",50,0,25,0,25
"433","2021-11-01 13:48:00 SS/MAY/SB/058/FF","Experimental","MAYUNGU",66.6666666666667,0,0,0,33.3333333333333
"434","2021-11-01 14:00:00 SS/MAY/SB/033/FF","Control","MAYUNGU",66.6666666666667,0,11.1111111111111,0,22.2222222222222
"435","2021-11-01 14:00:00 SS/UYO/SB/039/FF","Control","UYOMBO",100,0,0,0,0
"436","2021-11-01 14:00:00 SS/UYO/SB/088/FF","Control","UYOMBO",20,0,20,0,60
"437","2021-11-01 14:00:00 SS/UYO/SB/088/FF","Experimental","UYOMBO",0,0,0,0,100
"438","2021-11-01 14:18:00 SS/MAY/SB/025/FF","Experimental","MAYUNGU",100,0,0,0,0
"439","2021-11-03 07:30:00 SS/UYO/SB/086/FF","Control","UYOMBO",57.1428571428571,0,42.8571428571429,0,0
"440","2021-11-03 07:30:00 SS/UYO/SB/088/FF","Control","UYOMBO",0,0,0,0,100
"441","2021-11-03 07:30:00 SS/UYO/SB/089/FF","Control","UYOMBO",50,0,33.3333333333333,0,16.6666666666667
"442","2021-11-03 07:30:00 SS/UYO/SB/091/FF","Control","UYOMBO",36.8421052631579,0,31.5789473684211,0,31.5789473684211
"443","2021-11-03 07:30:00 SS/UYO/SB/094/FF","Control","UYOMBO",28.5714285714286,0,42.8571428571429,0,28.5714285714286
"444","2021-11-03 07:30:00 SS/UYO/SB/099/FF","Control","UYOMBO",60,0,40,0,0
"445","2021-11-03 07:30:00 SS/UYO/SB/099/FF","Experimental","UYOMBO",50,0,0,0,50
"446","2021-11-03 14:00:00 SS/MAY/SB/027/FF","Control","MAYUNGU",66.6666666666667,0,16.6666666666667,0,16.6666666666667
"447","2021-11-03 14:20:00 SS/MAY/SB/083/FF","Experimental","MAYUNGU",75,0,25,0,0
"448","2021-11-03 14:45:00 SS/MAY/SB/033/FF","Control","MAYUNGU",50,0,25,0,25
"449","2021-11-03 14:45:00 SS/MAY/SB/033/FF","Experimental","MAYUNGU",100,0,0,0,0
"450","2021-11-05 08:30:00 SS/UYO/SB/085/FF","Control","UYOMBO",61.5384615384615,0,23.0769230769231,0,15.3846153846154
"451","2021-11-05 08:30:00 SS/UYO/SB/090/FF","Control","UYOMBO",71.4285714285714,0,0,0,28.5714285714286
"452","2021-11-05 08:30:00 SS/UYO/SB/090/FF","Experimental","UYOMBO",100,0,0,0,0
"453","2021-11-05 08:30:00 SS/UYO/SB/091/FF","Control","UYOMBO",66.6666666666667,0,0,0,33.3333333333333
"454","2021-11-05 12:35:00 SS/MAY/SB/077/FF","Control","MAYUNGU",100,0,0,0,0
"455","2021-11-05 13:15:00 SS/MAY/SB/001/FF","Control","MAYUNGU",33.3333333333333,0,33.3333333333333,0,33.3333333333333
"456","2021-11-08 10:00:00 SS/UYO/SB/085/FF","Control","UYOMBO",33.3333333333333,0,33.3333333333333,0,33.3333333333333
"457","2021-11-08 10:00:00 SS/UYO/SB/085/FF","Experimental","UYOMBO",100,0,0,0,0
"458","2021-11-08 10:00:00 SS/UYO/SB/090/FF","Control","UYOMBO",50,0,40,0,10
"459","2021-11-08 10:00:00 SS/UYO/SB/091/FF","Control","UYOMBO",63.6363636363636,0,18.1818181818182,0,18.1818181818182
"460","2021-11-08 10:00:00 SS/UYO/SB/092/FF","Control","UYOMBO",66.6666666666667,0,0,0,33.3333333333333
"461","2021-11-08 10:00:00 SS/UYO/SB/094/FF","Control","UYOMBO",33.3333333333333,0,66.6666666666667,0,0
"462","2021-11-08 10:00:00 SS/UYO/SB/095/FF","Control","UYOMBO",37.5,0,37.5,0,25
"463","2021-11-08 10:00:00 SS/UYO/SB/099/FF","Experimental","UYOMBO",100,0,0,0,0
"464","2021-11-10 11:30:00 SS/UYO/SB/039/FF","Control","UYOMBO",71.4285714285714,0,0,0,28.5714285714286
"465","2021-11-10 11:30:00 SS/UYO/SB/086/FF","Control","UYOMBO",41.6666666666667,0,16.6666666666667,0,41.6666666666667
"466","2021-11-10 11:30:00 SS/UYO/SB/089/FF","Control","UYOMBO",26.6666666666667,0,33.3333333333333,0,40
"467","2021-11-10 11:30:00 SS/UYO/SB/089/FF","Experimental","UYOMBO",66.6666666666667,0,0,0,33.3333333333333
"468","2021-11-10 11:30:00 SS/UYO/SB/099/FF","Control","UYOMBO",57.1428571428571,0,14.2857142857143,0,28.5714285714286
"469","2021-11-10 11:30:00 SS/UYO/SB/099/FF","Experimental","UYOMBO",100,0,0,0,0
"470","2021-11-10 13:52:00 SS/MAY/SB/028/FF","Experimental","MAYUNGU",75,0,25,0,0
"471","2021-11-10 13:52:00 SS/MAY/SB/082/FF","Experimental","MAYUNGU",75,25,0,0,0
"472","2021-11-12 12:30:00 SS/UYO/SB/091/FF","Control","UYOMBO",54.5454545454545,0,36.3636363636364,0,9.09090909090909
"473","2021-11-12 12:30:00 SS/UYO/SB/094/FF","Control","UYOMBO",33.3333333333333,0,33.3333333333333,0,33.3333333333333
"474","2021-11-12 12:30:00 SS/UYO/SB/099/FF","Control","UYOMBO",57.1428571428571,0,14.2857142857143,0,28.5714285714286
"475","2021-11-13 12:30:00 SS/MAY/SB/033/FF","Control","MAYUNGU",55.5555555555556,0,11.1111111111111,0,33.3333333333333
"476","2021-11-13 12:42:00 SS/MAY/SB/033/FF","Control","MAYUNGU",55.5555555555556,0,11.1111111111111,0,33.3333333333333
"477","2021-11-13 13:36:00 SS/MAY/SB/036/FF","Control","MAYUNGU",60,20,0,0,20
"478","2021-11-15 07:30:00 SS/UYO/SB/039/FF","Experimental","UYOMBO",100,0,0,0,0
"479","2021-11-15 07:30:00 SS/UYO/SB/071/FF","Control","UYOMBO",40,0,20,0,40
"480","2021-11-15 07:30:00 SS/UYO/SB/093/FF","Experimental","UYOMBO",33.3333333333333,0,50,0,16.6666666666667
"481","2021-11-15 07:30:00 SS/UYO/SB/099/FF","Experimental","UYOMBO",100,0,0,0,0
"482","2021-11-15 13:51:00 SS/MAY/SB/029/FF","Experimental","MAYUNGU",100,0,0,0,0
"483","2021-11-15 14:18:00 SS/MAY/SB/025/FF","Experimental","MAYUNGU",100,0,0,0,0
"484","2021-11-16 12:35:00 SS/MAY/SB/001/FF","Control","MAYUNGU",57.1428571428571,0,14.2857142857143,0,28.5714285714286
"485","2021-11-16 12:35:00 SS/MAY/SB/045/FF","Control","MAYUNGU",57.1428571428571,0,14.2857142857143,0,28.5714285714286
"486","2021-11-17 08:30:00 SS/UYO/SB/085/FF","Control","UYOMBO",55.5555555555556,0,22.2222222222222,0,22.2222222222222
"487","2021-11-17 08:30:00 SS/UYO/SB/094/FF","Control","UYOMBO",40,0,40,0,20
"488","2021-11-17 08:30:00 SS/UYO/SB/099/FF","Experimental","UYOMBO",50,0,0,0,50
"489","2021-11-19 09:30:00 SS/UYO/SB/071/FF","Control","UYOMBO",100,0,0,0,0
"490","2021-11-19 09:30:00 SS/UYO/SB/089/FF","Control","UYOMBO",66.6666666666667,0,16.6666666666667,0,16.6666666666667
"491","2021-11-19 09:30:00 SS/UYO/SB/089/FF","Experimental","UYOMBO",100,0,0,0,0
"492","2021-11-19 09:30:00 SS/UYO/SB/093/FF","Control","UYOMBO",50,0,16.6666666666667,0,33.3333333333333
"493","2021-11-19 09:30:00 SS/UYO/SB/099/FF","Control","UYOMBO",50,0,25,0,25
"494","2021-11-22 10:30:00 SS/UYO/SB/085/FF","Control","UYOMBO",42.8571428571429,0,42.8571428571429,0,14.2857142857143
"495","2021-11-22 10:30:00 SS/UYO/SB/091/FF","Control","UYOMBO",36.3636363636364,0,27.2727272727273,0,36.3636363636364
"496","2021-11-22 10:30:00 SS/UYO/SB/095/FF","Control","UYOMBO",75,0,25,0,0
"497","2021-11-22 10:30:00 SS/UYO/SB/099/FF","Control","UYOMBO",66.6666666666667,0,33.3333333333333,0,0
"498","2021-11-22 10:30:00 SS/UYO/SB/100/FF","Control","UYOMBO",71.4285714285714,0,28.5714285714286,0,0
"499","2021-11-24 11:30:00 SS/UYO/SB/039/FF","Control","UYOMBO",100,0,0,0,0
"500","2021-11-24 11:30:00 SS/UYO/SB/071/FF","Control","UYOMBO",100,0,0,0,0
"501","2021-11-24 11:30:00 SS/UYO/SB/085/FF","Control","UYOMBO",60,0,40,0,0
"502","2021-11-24 11:30:00 SS/UYO/SB/089/FF","Experimental","UYOMBO",66.6666666666667,0,33.3333333333333,0,0
"503","2021-11-24 11:30:00 SS/UYO/SB/091/FF","Control","UYOMBO",60,0,0,0,40
"504","2021-11-24 11:30:00 SS/UYO/SB/099/FF","Control","UYOMBO",75,0,25,0,0
"505","2021-11-24 11:30:00 SS/UYO/SB/100/FF","Control","UYOMBO",100,0,0,0,0
"506","2021-11-26 12:30:00 SS/UYO/SB/089/FF","Control","UYOMBO",40,0,40,0,20
"507","2021-11-26 12:30:00 SS/UYO/SB/090/FF","Control","UYOMBO",66.6666666666667,0,16.6666666666667,0,16.6666666666667
"508","2021-11-26 12:30:00 SS/UYO/SB/091/FF","Control","UYOMBO",50,0,8.33333333333333,0,41.6666666666667
"509","2021-11-26 12:30:00 SS/UYO/SB/095/FF","Control","UYOMBO",100,0,0,0,0
"510","2021-11-26 12:30:00 SS/UYO/SB/100/FF","Control","UYOMBO",66.6666666666667,0,8.33333333333333,0,25
"511","2021-11-29 07:00:00 SS/UYO/SB/039/FF","Control","UYOMBO",71.4285714285714,0,14.2857142857143,0,14.2857142857143
"512","2021-11-29 07:00:00 SS/UYO/SB/089/FF","Control","UYOMBO",60,0,20,0,20
"513","2021-11-29 07:00:00 SS/UYO/SB/090/FF","Control","UYOMBO",85.7142857142857,0,14.2857142857143,0,0
"514","2021-11-29 07:00:00 SS/UYO/SB/091/FF","Control","UYOMBO",40,0,20,0,40
"515","2021-11-29 07:00:00 SS/UYO/SB/091/FF","Experimental","UYOMBO",100,0,0,0,0
"516","2021-11-29 07:00:00 SS/UYO/SB/094/FF","Control","UYOMBO",37.5,0,50,0,12.5
"517","2021-11-29 07:00:00 SS/UYO/SB/095/FF","Control","UYOMBO",66.6666666666667,0,0,0,33.3333333333333
"518","2021-11-29 07:00:00 SS/UYO/SB/100/FF","Control","UYOMBO",54.5454545454545,0,36.3636363636364,0,9.09090909090909
"519","2021-11-29 12:45:00 SS/MAY/SB/074/FF","Control","MAYUNGU",57.1428571428571,0,14.2857142857143,0,28.5714285714286
"520","2021-11-29 13:15:00 SS/MAY/SB/010/FF","Control","MAYUNGU",50,0,0,0,50
"521","2021-12-02 12:40:00 SS/MAY/SB/036/FF","Control","MAYUNGU",40,0,0,0,60
"522","2021-12-02 13:47:00 SS/MAY/SB/042/FF","Control","MAYUNGU",66.6666666666667,11.1111111111111,0,11.1111111111111,11.1111111111111
"523","2021-12-02 14:32:00 SS/MAY/SB/064/FF","Control","MAYUNGU",62.5,0,12.5,0,25
"524","2022-02-01 08:30:00 SS/UYO/SB/085/FF","Control","UYOMBO",12.5,0,75,0,12.5
"525","2022-02-01 08:30:00 SS/UYO/SB/085/FF","Experimental","UYOMBO",75,0,0,0,25
"526","2022-02-01 08:30:00 SS/UYO/SB/086/FF","Control","UYOMBO",26.6666666666667,0,46.6666666666667,0,26.6666666666667
"527","2022-02-01 08:30:00 SS/UYO/SB/088/FF","Control","UYOMBO",25,0,50,0,25
"528","2022-02-01 08:30:00 SS/UYO/SB/091/FF","Control","UYOMBO",42.8571428571429,0,42.8571428571429,0,14.2857142857143
"529","2022-02-01 08:30:00 SS/UYO/SB/093/FF","Control","UYOMBO",42.8571428571429,0,14.2857142857143,0,42.8571428571429
"530","2022-02-01 08:30:00 SS/UYO/SB/094/FF","Control","UYOMBO",33.3333333333333,0,33.3333333333333,0,33.3333333333333
"531","2022-02-01 12:09:00 SS/MAY/SB/033/FF","Control","MAYUNGU",28.5714285714286,0,28.5714285714286,0,42.8571428571429
"532","2022-02-01 12:29:00 SS/MAY/SB/036/FF","Control","MAYUNGU",42.8571428571429,0,28.5714285714286,0,28.5714285714286
"533","2022-02-01 12:35:00 SS/MAY/SB/045/FF","Experimental","MAYUNGU",42.8571428571429,0,28.5714285714286,14.2857142857143,14.2857142857143
"534","2022-02-01 12:38:00 SS/MAY/SB/013/FF","Control","MAYUNGU",42.8571428571429,0,14.2857142857143,0,42.8571428571429
"535","2022-02-01 12:38:00 SS/MAY/SB/077/FF","Experimental","MAYUNGU",33.3333333333333,0,33.3333333333333,0,33.3333333333333
"536","2022-02-01 12:40:00 SS/MAY/SB/076/FF","Control","MAYUNGU",25,0,25,0,50
"537","2022-02-01 12:41:00 SS/MAY/SB/014/FF","Control","MAYUNGU",22.2222222222222,0,22.2222222222222,11.1111111111111,44.4444444444444
"538","2022-02-01 12:42:00 SS/MAY/SB/019/FF","Control","MAYUNGU",50,0,50,0,0
"539","2022-02-01 12:44:00 SS/MAY/SB/068/FF","Control","MAYUNGU",14.2857142857143,0,42.8571428571429,14.2857142857143,28.5714285714286
"540","2022-02-01 12:48:00 SS/MAY/SB/004/FF","Control","MAYUNGU",28.5714285714286,0,0,28.5714285714286,42.8571428571429
"541","2022-02-01 12:50:00 SS/MAY/SB/032/FF","Experimental","MAYUNGU",33.3333333333333,0,0,0,66.6666666666667
"542","2022-02-01 12:55:00 SS/MAY/SB/010/FF","Experimental","MAYUNGU",33.3333333333333,16.6666666666667,16.6666666666667,0,33.3333333333333
"543","2022-02-01 13:15:00 SS/MAY/SB/033/FF","Control","MAYUNGU",50,0,0,33.3333333333333,16.6666666666667
"544","2022-02-01 13:15:00 SS/MAY/SB/034/FF","Control","MAYUNGU",37.5,12.5,12.5,12.5,25
"545","2022-02-01 13:15:00 SS/MAY/SB/066/FF","Control","MAYUNGU",100,0,0,0,0
"546","2022-02-01 13:15:00 SS/MAY/SB/066/FF","Experimental","MAYUNGU",60,0,40,0,0
"547","2022-02-02 09:00:00 SS/MAY/SB/020/FF","Experimental","UYOMBO",60,0,0,0,40
"548","2022-02-02 09:00:00 SS/UYO/SB/085/FF","Control","UYOMBO",33.3333333333333,0,58.3333333333333,0,8.33333333333333
"549","2022-02-02 09:00:00 SS/UYO/SB/088/FF","Control","UYOMBO",25,0,37.5,0,37.5
"550","2022-02-02 09:00:00 SS/UYO/SB/092/FF","Control","UYOMBO",75,0,0,0,25
"551","2022-02-02 09:00:00 SS/UYO/SB/095/FF","Experimental","UYOMBO",75,0,0,0,25
"552","2022-02-02 09:00:00 SS/UYO/SB/100/FF","Control","UYOMBO",62.5,0,12.5,0,25
"553","2022-02-02 09:00:00 SS/UYO/SB/100/FF","Experimental","UYOMBO",75,0,0,0,25
"554","2022-02-03 12:09:00 SS/MAY/SB/033/FF","Experimental","MAYUNGU",50,0,25,0,25
"555","2022-02-03 12:25:00 SS/MAY/SB/001/FF","Control","MAYUNGU",42.8571428571429,0,14.2857142857143,14.2857142857143,28.5714285714286
"556","2022-02-03 12:25:00 SS/MAY/SB/045/FF","Experimental","MAYUNGU",100,0,0,0,0
"557","2022-02-03 12:29:00 SS/MAY/SB/019/FF","Control","MAYUNGU",25,0,12.5,0,62.5
"558","2022-02-03 12:41:00 SS/MAY/SB/004/FF","Control","MAYUNGU",37.5,0,25,12.5,25
"559","2022-02-03 12:41:00 SS/MAY/SB/072/FF","Experimental","MAYUNGU",75,0,25,0,0
"560","2022-02-03 13:20:00 SS/MAY/SB/022/FF","Experimental","MAYUNGU",100,0,0,0,0
"561","2022-02-03 13:26:00 SS/MAY/SB/003/FF","Experimental","MAYUNGU",28.5714285714286,0,14.2857142857143,28.5714285714286,28.5714285714286
"562","2022-02-03 13:28:00 SS/MAY/SB/010/FF","Experimental","MAYUNGU",100,0,0,0,0
"563","2022-02-05 12:18:00 SS/MAY/SB/068/FF","Control","MAYUNGU",25,0,25,25,25
"564","2022-02-05 12:18:00 SS/MAY/SB/068/FF","Experimental","MAYUNGU",60,0,20,0,20
"565","2022-02-05 12:39:00 SS/MAY/SB/014/FF","Control","MAYUNGU",50,0,16.6666666666667,16.6666666666667,16.6666666666667
"566","2022-02-05 12:43:00 SS/MAY/SB/019/FF","Experimental","MAYUNGU",75,0,0,25,0
"567","2022-02-05 12:45:00 SS/MAY/SB/003/FF","Experimental","MAYUNGU",40,0,0,20,40
"568","2022-02-05 12:45:00 SS/MAY/SB/011/FF","Control","MAYUNGU",16.6666666666667,33.3333333333333,16.6666666666667,0,33.3333333333333
"569","2022-02-05 12:50:00 SS/MAY/SB/066/FF","Control","MAYUNGU",28.5714285714286,0,28.5714285714286,0,42.8571428571429
"570","2022-02-05 12:50:00 SS/MAY/SB/066/FF","Experimental","MAYUNGU",100,0,0,0,0
"571","2022-02-05 13:12:00 SS/MAY/SB/010/FF","Experimental","MAYUNGU",100,0,0,0,0
"572","2022-02-05 13:15:00 SS/MAY/SB/045/FF","Control","MAYUNGU",33.3333333333333,0,16.6666666666667,16.6666666666667,33.3333333333333
"573","2022-02-05 13:15:00 SS/MAY/SB/045/FF","Experimental","MAYUNGU",75,0,25,0,0
"574","2022-02-05 13:18:00 SS/MAY/SB/032/FF","Experimental","MAYUNGU",50,0,25,0,25
"575","2022-02-06 13:57:00 SS/MAY/SB/082/FF","Experimental","MAYUNGU",100,0,0,0,0
"576","2022-02-06 13:59:00 SS/MAY/SB/058/FF","Experimental","MAYUNGU",100,0,0,0,0
"577","2022-02-07 12:18:00 SS/MAY/SB/018/FF","Control","MAYUNGU",42.8571428571429,0,14.2857142857143,0,42.8571428571429
"578","2022-02-07 12:40:00 SS/MAY/SB/006/FF","Control","MAYUNGU",25,0,37.5,0,37.5
"579","2022-02-07 12:40:00 SS/MAY/SB/019/FF","Control","MAYUNGU",25,0,25,25,25
"580","2022-02-07 12:49:00 SS/MAY/SB/033/FF","Control","MAYUNGU",42.8571428571429,0,28.5714285714286,0,28.5714285714286
"581","2022-02-07 12:49:00 SS/MAY/SB/068/FF","Control","MAYUNGU",60,0,0,20,20
"582","2022-02-07 12:49:00 SS/MAY/SB/068/FF","Experimental","MAYUNGU",33.3333333333333,0,33.3333333333333,16.6666666666667,16.6666666666667
"583","2022-02-07 13:00:00 SS/MAY/SB/039/FF","Control","UYOMBO",80,0,0,0,20
"584","2022-02-07 13:00:00 SS/UYO/SB/085/FF","Control","UYOMBO",50,0,25,0,25
"585","2022-02-07 13:00:00 SS/UYO/SB/086/FF","Control","UYOMBO",40,0,20,0,40
"586","2022-02-07 13:00:00 SS/UYO/SB/091/FF","Control","UYOMBO",33.3333333333333,0,41.6666666666667,0,25
"587","2022-02-07 13:00:00 SS/UYO/SB/091/FF","Experimental","UYOMBO",100,0,0,0,0
"588","2022-02-07 13:00:00 SS/UYO/SB/099/FF","Control","UYOMBO",100,0,0,0,0
"589","2022-02-07 13:00:00 SS/UYO/SB/100/FF","Control","UYOMBO",33.3333333333333,0,33.3333333333333,0,33.3333333333333
"590","2022-02-07 13:00:00 SS/UYO/SB/100/FF","Experimental","UYOMBO",100,0,0,0,0
"591","2022-02-07 13:08:00 SS/MAY/SB/045/FF","Experimental","MAYUNGU",28.5714285714286,0,28.5714285714286,0,42.8571428571429
"592","2022-02-07 13:21:00 SS/MAY/SB/032/FF","Experimental","MAYUNGU",50,0,25,0,25
"593","2022-02-09 10:00:00 SS/MAY/SB/039/FF","Control","UYOMBO",50,0,0,0,50
"594","2022-02-09 10:00:00 SS/UYO/SB/085/FF","Control","UYOMBO",50,0,40,0,10
"595","2022-02-09 10:00:00 SS/UYO/SB/088/FF","Control","UYOMBO",33.3333333333333,0,22.2222222222222,0,44.4444444444444
"596","2022-02-09 10:00:00 SS/UYO/SB/093/FF","Control","UYOMBO",20,0,50,0,30
"597","2022-02-09 10:00:00 SS/UYO/SB/100/FF","Control","UYOMBO",63.6363636363636,0,18.1818181818182,9.09090909090909,9.09090909090909
"598","2022-02-09 10:00:00 SS/UYO/SB/100/FF","Experimental","UYOMBO",40,0,0,0,60
"599","2022-02-09 12:46:00 SS/MAY/SB/001/FF","Control","MAYUNGU",60,0,20,20,0
"600","2022-02-09 12:46:00 SS/MAY/SB/014/FF","Control","MAYUNGU",80,0,0,0,20
"601","2022-02-09 12:48:00 SS/MAY/SB/068/FF","Control","MAYUNGU",66.6666666666667,0,0,0,33.3333333333333
"602","2022-02-09 12:49:00 SS/MAY/SB/019/FF","Control","MAYUNGU",40,0,20,0,40
"603","2022-02-09 13:15:00 SS/MAY/SB/010/FF","Experimental","MAYUNGU",100,0,0,0,0
"604","2022-02-09 13:15:00 SS/MAY/SB/066/FF","Control","MAYUNGU",60,0,20,0,20
"605","2022-02-09 13:37:00 SS/MAY/SB/070/FF","Control","MAYUNGU",80,0,20,0,0
"606","2022-02-09 13:37:00 SS/MAY/SB/070/FF","Experimental","MAYUNGU",75,0,0,0,25
"607","2022-02-09 13:39:00 SS/MAY/SB/003/FF","Control","MAYUNGU",37.5,0,25,0,37.5
"608","2022-02-09 13:39:00 SS/MAY/SB/074/FF","Experimental","MAYUNGU",33.3333333333333,0,0,16.6666666666667,50
"609","2022-02-09 13:59:00 SS/MAY/SB/025/FF","Experimental","MAYUNGU",100,0,0,0,0
"610","2022-02-11 11:00:00 SS/UYO/SB/088/FF","Control","UYOMBO",40,0,0,0,60
"611","2022-02-11 11:00:00 SS/UYO/SB/089/FF","Control","UYOMBO",38.4615384615385,0,46.1538461538462,0,15.3846153846154
"612","2022-02-11 11:00:00 SS/UYO/SB/091/FF","Experimental","UYOMBO",50,0,0,0,50
"613","2022-02-11 11:00:00 SS/UYO/SB/095/FF","Experimental","UYOMBO",25,0,50,0,25
"614","2022-02-11 12:15:00 SS/MAY/SB/014/FF","Control","MAYUNGU",60,0,20,0,20
"615","2022-02-11 12:18:00 SS/MAY/SB/043/FF","Experimental","MAYUNGU",75,0,0,0,25
"616","2022-02-11 12:30:00 SS/MAY/SB/019/FF","Control","MAYUNGU",0,0,20,0,80
"617","2022-02-11 12:32:00 SS/MAY/SB/026/FF","Experimental","MAYUNGU",100,0,0,0,0
"618","2022-02-11 12:32:00 SS/MAY/SB/027/FF","Control","MAYUNGU",62.5,0,12.5,0,25
"619","2022-02-11 12:32:00 SS/MAY/SB/027/FF","Experimental","MAYUNGU",100,0,0,0,0
"620","2022-02-11 12:37:00 SS/MAY/SB/035/FF","Control","MAYUNGU",75,0,12.5,0,12.5
"621","2022-02-11 12:45:00 SS/MAY/SB/066/FF","Control","MAYUNGU",50,0,33.3333333333333,0,16.6666666666667
"622","2022-02-11 12:47:00 SS/MAY/SB/077/FF","Control","MAYUNGU",100,0,0,0,0
"623","2022-02-11 12:49:00 SS/MAY/SB/033/FF","Control","MAYUNGU",83.3333333333333,0,16.6666666666667,0,0
"624","2022-02-11 13:20:00 SS/MAY/SB/010/FF","Experimental","MAYUNGU",50,0,25,0,25
"625","2022-02-13 12:16:00 SS/MAY/SB/014/FF","Control","MAYUNGU",100,0,0,0,0
"626","2022-02-13 12:22:00 SS/MAY/SB/033/FF","Control","MAYUNGU",50,0,30,0,20
"627","2022-02-13 12:22:00 SS/MAY/SB/033/FF","Experimental","MAYUNGU",100,0,0,0,0
"628","2022-02-13 12:39:00 SS/MAY/SB/019/FF","Control","MAYUNGU",75,0,0,0,25
"629","2022-02-13 12:40:00 SS/MAY/SB/076/FF","Control","MAYUNGU",33.3333333333333,16.6666666666667,16.6666666666667,0,33.3333333333333
"630","2022-02-13 12:53:00 SS/MAY/SB/035/FF","Control","MAYUNGU",60,0,0,20,20
"631","2022-02-13 12:53:00 SS/MAY/SB/035/FF","Experimental","MAYUNGU",100,0,0,0,0
"632","2022-02-13 13:40:00 SS/MAY/SB/033/FF","Control","MAYUNGU",50,0,30,0,20
"633","2022-02-13 13:50:00 SS/MAY/SB/066/FF","Control","MAYUNGU",28.5714285714286,0,14.2857142857143,14.2857142857143,42.8571428571429
"634","2022-02-13 13:53:00 SS/MAY/SB/043/FF","Control","MAYUNGU",80,0,20,0,0
"635","2022-02-14 13:00:00 SS/UYO/SB/089/FF","Control","UYOMBO",50,0,40,0,10
"636","2022-02-15 12:46:00 SS/MAY/SB/036/FF","Control","MAYUNGU",60,0,40,0,0
"637","2022-02-15 12:49:00 SS/MAY/SB/045/FF","Control","MAYUNGU",62.5,0,12.5,0,25
"638","2022-02-15 12:49:00 SS/MAY/SB/045/FF","Experimental","MAYUNGU",100,0,0,0,0
"639","2022-02-15 13:13:00 SS/MAY/SB/074/FF","Experimental","MAYUNGU",33.3333333333333,0,33.3333333333333,0,33.3333333333333
"640","2022-02-15 15:12:00 SS/MAY/SB/066/FF","Control","MAYUNGU",50,0,16.6666666666667,16.6666666666667,16.6666666666667
"641","2022-02-16 12:43:00 SS/MAY/SB/027/FF","Control","MAYUNGU",50,0,25,12.5,12.5
"642","2022-02-16 12:43:00 SS/MAY/SB/027/FF","Experimental","MAYUNGU",100,0,0,0,0
"643","2022-02-16 13:51:00 SS/MAY/SB/015/FF","Experimental","MAYUNGU",100,0,0,0,0
"644","2022-02-16 13:52:00 SS/MAY/SB/070/FF","Experimental","MAYUNGU",100,0,0,0,0
"645","2022-02-17 12:11:00 SS/MAY/SB/013/FF","Experimental","MAYUNGU",33.3333333333333,0,33.3333333333333,16.6666666666667,16.6666666666667
"646","2022-02-17 12:11:00 SS/MAY/SB/077/FF","Control","MAYUNGU",62.5,0,25,0,12.5
"647","2022-02-17 12:30:00 SS/MAY/SB/034/FF","Control","MAYUNGU",50,0,33.3333333333333,0,16.6666666666667
"648","2022-02-17 12:38:00 SS/MAY/SB/072/FF","Control","MAYUNGU",42.8571428571429,0,28.5714285714286,14.2857142857143,14.2857142857143
"649","2022-02-17 12:47:00 SS/MAY/SB/011/FF","Control","MAYUNGU",40,0,40,0,20
"650","2022-02-17 12:47:00 SS/MAY/SB/031/FF","Control","MAYUNGU",40,0,40,0,20
"651","2022-02-17 13:38:00 SS/MAY/SB/006/FF","Control","MAYUNGU",42.8571428571429,0,28.5714285714286,14.2857142857143,14.2857142857143
"652","2022-02-17 13:44:00 SS/MAY/SB/066/FF","Control","MAYUNGU",50,0,25,0,25
"653","2022-02-17 13:44:00 SS/MAY/SB/066/FF","Experimental","MAYUNGU",100,0,0,0,0
"654","2022-02-17 13:44:00 SS/MAY/SB/068/FF","Control","MAYUNGU",33.3333333333333,0,50,0,16.6666666666667
"655","2022-02-17 13:48:00 SS/MAY/SB/033/FF","Control","MAYUNGU",66.6666666666667,0,0,0,33.3333333333333
"656","2022-03-07 00:05:00 SS/UYO/SB/090/FF","Control","UYOMBO",83.3333333333333,0,0,0,16.6666666666667
"657","2022-03-07 00:05:00 SS/UYO/SB/093/FF","Experimental","UYOMBO",33.3333333333333,0,66.6666666666667,0,0
"658","2022-03-07 00:05:00 SS/UYO/SB/100/FF","Control","UYOMBO",100,0,0,0,0
"659","2022-03-07 00:05:00 SS/UYO/SB/100/FF","Experimental","UYOMBO",100,0,0,0,0
"660","2022-03-28 00:05:00 SS/UYO/SB/088/FF","Experimental","UYOMBO",66.6666666666667,0,0,0,33.3333333333333
"661","2022-03-28 00:05:00 SS/UYO/SB/090/FF","Control","UYOMBO",80,0,0,0,20
"662","2022-03-28 00:05:00 SS/UYO/SB/091/FF","Control","UYOMBO",30.7692307692308,0,38.4615384615385,0,30.7692307692308
"663","2022-03-28 00:05:00 SS/UYO/SB/094/FF","Control","UYOMBO",25,0,25,0,50
"664","2022-03-28 00:05:00 SS/UYO/SB/100/FF","Control","UYOMBO",30.7692307692308,0,23.0769230769231,0,46.1538461538462
"665","2022-04-01 12:57:00 SS/MAY/SB/015/FF","Experimental","MAYUNGU",100,0,0,0,0
"666","2022-04-01 12:58:00 SS/MAY/SB/030/FF","Experimental","MAYUNGU",100,0,0,0,0
"667","2022-04-01 12:59:00 SS/MAY/SB/028/FF","Experimental","MAYUNGU",100,0,0,0,0
"668","2022-04-04 05:30:00 SS/UYO/SB/089/FF","Control","UYOMBO",66.6666666666667,0,33.3333333333333,0,0
"669","2022-04-04 12:37:00 SS/MAY/SB/027/FF","Experimental","MAYUNGU",100,0,0,0,0
"670","2022-04-04 12:51:00 SS/MAY/SB/035/FF","Experimental","MAYUNGU",66.6666666666667,0,0,33.3333333333333,0
"671","2022-04-04 12:57:00 SS/MAY/SB/017/FF","Experimental","MAYUNGU",66.6666666666667,0,33.3333333333333,0,0
"672","2022-04-04 15:30:00 SS/UYO/SB/095/FF","Control","UYOMBO",50,0,0,0,50
"673","2022-04-04 15:30:00 SS/UYO/SB/100/FF","Experimental","UYOMBO",100,0,0,0,0
"674","2022-04-06 16:30:00 SS/UYO/SB/092/FF","Experimental","UYOMBO",75,0,0,0,25
"675","2022-04-07 12:52:00 SS/MAY/SB/002/FF","Control","MAYUNGU",33.3333333333333,0,33.3333333333333,0,33.3333333333333
"676","2022-04-07 12:52:00 SS/MAY/SB/015/FF","Experimental","MAYUNGU",50,0,0,0,50
"677","2022-04-07 12:53:00 SS/MAY/SB/058/FF","Experimental","MAYUNGU",66.6666666666667,0,0,0,33.3333333333333
"678","2022-04-07 12:55:00 SS/MAY/SB/065/FF","Experimental","MAYUNGU",100,0,0,0,0
"679","2022-04-07 12:57:00 SS/MAY/SB/082/FF","Experimental","MAYUNGU",100,0,0,0,0
"680","2022-04-07 12:58:00 SS/MAY/SB/070/FF","Experimental","MAYUNGU",75,0,0,0,25
"681","2022-04-09 13:04:00 SS/MAY/SB/028/FF","Experimental","MAYUNGU",100,0,0,0,0
"682","2022-04-11 12:17:00 SS/MAY/SB/033/FF","Control","MAYUNGU",75,0,0,0,25
"683","2022-04-11 12:37:00 SS/MAY/SB/026/FF","Control","MAYUNGU",50,0,25,0,25
"684","2022-04-11 12:52:00 SS/MAY/SB/070/FF","Experimental","MAYUNGU",66.6666666666667,0,0,0,33.3333333333333
"685","2022-04-11 12:54:00 SS/MAY/SB/082/FF","Experimental","MAYUNGU",100,0,0,0,0
"686","2022-04-11 12:57:00 SS/MAY/SB/025/FF","Experimental","MAYUNGU",66.6666666666667,0,0,0,33.3333333333333
"687","2022-04-14 09:00:00 SS/UYO/SB/089/FF","Experimental","UYOMBO",66.6666666666667,0,0,0,33.3333333333333
"688","2022-04-14 12:59:00 SS/MAY/SB/028/FF","Experimental","MAYUNGU",33.3333333333333,0,33.3333333333333,33.3333333333333,0
"689","2022-04-18 11:00:00 SS/UYO/SB/085/FF","Control","UYOMBO",66.6666666666667,0,0,0,33.3333333333333
"690","2022-04-18 11:00:00 SS/UYO/SB/085/FF","Experimental","UYOMBO",100,0,0,0,0
"691","2022-04-18 11:00:00 SS/UYO/SB/088/FF","Control","UYOMBO",28.5714285714286,0,28.5714285714286,0,42.8571428571429
"692","2022-04-18 11:00:00 SS/UYO/SB/091/FF","Control","UYOMBO",40,0,20,0,40
"693","2022-04-18 11:00:00 SS/UYO/SB/091/FF","Experimental","UYOMBO",66.6666666666667,0,0,0,33.3333333333333
"694","2022-04-18 11:00:00 SS/UYO/SB/099/FF","Control","UYOMBO",100,0,0,0,0
"695","2022-04-18 11:00:00 SS/UYO/SB/100/FF","Experimental","UYOMBO",100,0,0,0,0
"696","2022-04-18 12:43:00 SS/MAY/SB/043/FF","Control","MAYUNGU",75,0,0,0,25
"697","2022-04-18 12:43:00 SS/MAY/SB/065/FF","Experimental","MAYUNGU",85.7142857142857,0,0,0,14.2857142857143
"698","2022-04-18 12:50:00 SS/MAY/SB/042/FF","Control","MAYUNGU",57.1428571428571,0,0,14.2857142857143,28.5714285714286
"699","2022-04-19 11:30:00 SS/MAY/SB/039/FF","Control","UYOMBO",100,0,0,0,0
"700","2022-04-19 11:30:00 SS/UYO/SB/085/FF","Control","UYOMBO",60,0,40,0,0
"701","2022-04-19 11:30:00 SS/UYO/SB/091/FF","Control","UYOMBO",52.6315789473684,0,31.5789473684211,0,15.7894736842105
"702","2022-04-19 11:30:00 SS/UYO/SB/092/FF","Experimental","UYOMBO",100,0,0,0,0
"703","2022-04-19 11:30:00 SS/UYO/SB/100/FF","Experimental","UYOMBO",100,0,0,0,0
"704","2022-04-19 13:00:00 SS/UYO/SB/091/FF","Control","UYOMBO",52.6315789473684,0,31.5789473684211,0,15.7894736842105
"705","2022-04-20 00:05:00 SS/UYO/SB/071/FF","Control","UYOMBO",42.8571428571429,0,28.5714285714286,0,28.5714285714286
"706","2022-04-20 00:05:00 SS/UYO/SB/085/FF","Control","UYOMBO",50,0,50,0,0
"707","2022-04-20 00:05:00 SS/UYO/SB/085/FF","Experimental","UYOMBO",60,0,0,0,40
"708","2022-04-20 00:05:00 SS/UYO/SB/088/FF","Control","UYOMBO",62.5,0,0,0,37.5
"709","2022-04-20 00:05:00 SS/UYO/SB/091/FF","Control","UYOMBO",33.3333333333333,0,41.6666666666667,0,25
"710","2022-04-20 00:05:00 SS/UYO/SB/100/FF","Control","UYOMBO",75,0,12.5,0,12.5
"711","2022-04-21 12:43:00 SS/MAY/SB/042/FF","Experimental","MAYUNGU",75,0,0,0,25
"712","2022-04-21 12:50:00 SS/MAY/SB/033/FF","Experimental","MAYUNGU",100,0,0,0,0
"713","2022-04-21 12:52:00 SS/MAY/SB/035/FF","Experimental","MAYUNGU",50,0,0,0,50
"714","2022-04-21 13:22:00 SS/MAY/SB/028/FF","Experimental","MAYUNGU",66.6666666666667,0,0,0,33.3333333333333
"715","2022-04-25 07:00:00 SS/UYO/SB/039/FF","Control","UYOMBO",100,0,0,0,0
"716","2022-04-25 07:00:00 SS/UYO/SB/086/FF","Control","UYOMBO",33.3333333333333,0,44.4444444444444,0,22.2222222222222
"717","2022-04-25 07:00:00 SS/UYO/SB/088/FF","Experimental","UYOMBO",50,0,0,0,50
"718","2022-04-25 07:00:00 SS/UYO/SB/090/FF","Control","UYOMBO",60,0,40,0,0
"719","2022-04-25 07:00:00 SS/UYO/SB/091/FF","Experimental","UYOMBO",100,0,0,0,0
"720","2022-04-25 07:00:00 SS/UYO/SB/100/FF","Control","UYOMBO",60,0,40,0,0
"721","2022-04-25 07:00:00 SS/UYO/SB/100/FF","Experimental","UYOMBO",100,0,0,0,0
"722","2022-04-26 07:30:00 SS/UYO/SB/039/FF","Control","UYOMBO",100,0,0,0,0
"723","2022-04-26 07:30:00 SS/UYO/SB/071/FF","Experimental","UYOMBO",100,0,0,0,0
"724","2022-04-26 07:30:00 SS/UYO/SB/088/FF","Control","UYOMBO",66.6666666666667,0,16.6666666666667,0,16.6666666666667
"725","2022-04-26 07:30:00 SS/UYO/SB/088/FF","Experimental","UYOMBO",40,0,0,0,60
"726","2022-04-26 07:30:00 SS/UYO/SB/089/FF","Control","UYOMBO",42.8571428571429,0,42.8571428571429,0,14.2857142857143
"727","2022-04-26 07:30:00 SS/UYO/SB/091/FF","Control","UYOMBO",23.0769230769231,0,61.5384615384615,0,15.3846153846154
"728","2022-04-26 07:30:00 SS/UYO/SB/092/FF","Experimental","UYOMBO",100,0,0,0,0
"729","2022-04-26 07:30:00 SS/UYO/SB/095/FF","Control","UYOMBO",50,0,50,0,0
"730","2022-04-26 07:30:00 SS/UYO/SB/100/FF","Control","UYOMBO",66.6666666666667,0,33.3333333333333,0,0
"731","2022-04-26 07:30:00 SS/UYO/SB/100/FF","Experimental","UYOMBO",66.6666666666667,0,0,0,33.3333333333333
"732","2022-04-27 08:00:00 SS/UYO/SB/039/FF","Control","UYOMBO",100,0,0,0,0
"733","2022-04-27 08:00:00 SS/UYO/SB/085/FF","Control","UYOMBO",100,0,0,0,0
"734","2022-04-27 08:00:00 SS/UYO/SB/088/FF","Experimental","UYOMBO",37.5,0,12.5,0,50
"735","2022-04-27 08:00:00 SS/UYO/SB/090/FF","Control","UYOMBO",100,0,0,0,0
"736","2022-04-27 08:00:00 SS/UYO/SB/092/FF","Experimental","UYOMBO",100,0,0,0,0
"737","2022-04-27 08:00:00 SS/UYO/SB/094/FF","Control","UYOMBO",60,0,40,0,0
