"","survey_id","trap_type","HOME"
"1","2021-05-18 11:57:00 SS/MAY/SB/082/FF","Control",3.85086603467483
"2","2021-05-18 12:03:00 SS/MAY/SB/043/FF","Control",NA
"3","2021-05-18 12:06:00 SS/MAY/SB/047/FF","Control",NA
"4","2021-05-18 12:07:00 SS/MAY/SB/036/FF","Control",1.82069471284878
"5","2021-05-18 12:30:00 SS/MAY/SB/002/FF","Control",NA
"6","2021-05-18 12:35:00 SS/MAY/SB/033/FF","Control",NA
"7","2021-05-18 12:45:00 SS/MAY/SB/013/FF","Control",2.73104206927316
"8","2021-05-18 12:45:00 SS/MAY/SB/030/FF","Control",NA
"9","2021-05-18 12:45:00 SS/MAY/SB/077/FF","Control",2.73104206927316
"10","2021-05-18 13:00:00 SS/UYO/SB/094/FF","Control",2.94886618573939
"11","2021-05-18 13:00:00 SS/UYO/SB/095/FF","Control",NA
"12","2021-05-18 14:00:00 SS/UYO/SB/085/FF","Control",0.347811541011889
"13","2021-05-18 14:00:00 SS/UYO/SB/090/FF","Control",1.34683362436834
"14","2021-05-18 14:00:00 SS/UYO/SB/091/FF","Control",7.71240070839718
"15","2021-05-18 14:00:00 SS/UYO/SB/092/FF","Control",0.420885507615105
"16","2021-05-18 14:00:00 SS/UYO/SB/100/FF","Control",2.40719262684866
"17","2021-05-18 15:00:00 SS/UYO/SB/088/FF","Control",NA
"18","2021-05-18 17:15:00 SS/MAY/SB/041/FF","Control",1.71550176396343
"19","2021-05-18 17:30:00 SS/MAY/SB/041/FF","Control",1.71550176396343
"20","2021-05-18 18:45:00 SS/MAY/SB/003/FF","Control",3.64138942569755
"21","2021-05-18 22:50:00 SS/MAY/SB/006/FF","Control",NA
"22","2021-05-18 23:25:00 SS/MAY/SB/011/FF","Control",NA
"23","2021-05-18 23:45:00 SS/MAY/SB/074/FF","Control",NA
"24","2021-05-19 11:43:00 SS/MAY/SB/042/FF","Control",NA
"25","2021-05-19 12:25:00 SS/MAY/SB/002/FF","Control",0.982016965025903
"26","2021-05-19 12:25:00 SS/MAY/SB/006/FF","Control",1.71550176396343
"27","2021-05-19 12:30:00 SS/MAY/SB/030/FF","Control",9.57531287936765
"28","2021-05-19 12:35:00 SS/MAY/SB/034/FF","Control",1.82069471284878
"29","2021-05-19 12:47:00 SS/MAY/SB/074/FF","Control",NA
"30","2021-05-19 12:50:00 SS/MAY/SB/033/FF","Control",NA
"31","2021-05-19 12:57:00 SS/MAY/SB/043/FF","Control",NA
"32","2021-05-19 13:15:00 SS/MAY/SB/029/FF","Control",NA
"33","2021-05-19 13:15:00 SS/MAY/SB/058/FF","Control",NA
"34","2021-05-19 13:15:00 SS/MAY/SB/081/FF","Control",NA
"35","2021-05-19 14:00:00 SS/UYO/SB/089/FF","Control",1.98432902791147
"36","2021-05-19 14:00:00 SS/UYO/SB/095/FF","Control",0.741920980033374
"37","2021-05-19 14:30:00 SS/UYO/SB/094/FF","Control",2.94886618573939
"38","2021-05-19 15:00:00 SS/UYO/SB/090/FF","Control",1.66093068604565
"39","2021-05-19 15:00:00 SS/UYO/SB/096/FF","Control",1.01012521827625
"40","2021-05-19 15:00:00 SS/UYO/SB/100/FF","Control",NA
"41","2021-05-19 15:15:00 SS/UYO/SB/091/FF","Control",2.73859013864164
"42","2021-05-20 12:20:00 SS/MAY/SB/028/FF","Control",1.11793112599717
"43","2021-05-20 12:25:00 SS/MAY/SB/034/FF","Control",1.11793112599717
"44","2021-05-20 12:30:00 SS/MAY/SB/006/FF","Control",1.77201689283449
"45","2021-05-20 12:30:00 SS/MAY/SB/034/FF","Control",1.11793112599717
"46","2021-05-20 12:30:00 SS/MAY/SB/038/FF","Control",NA
"47","2021-05-20 12:42:00 SS/MAY/SB/002/FF","Control",1.77201689283449
"48","2021-05-20 12:43:00 SS/MAY/SB/042/FF","Control",2.71412758888577
"49","2021-05-20 12:43:00 SS/MAY/SB/043/FF","Control",2.42906800293166
"50","2021-05-20 12:45:00 SS/MAY/SB/014/FF","Control",1.77201689283449
"51","2021-05-20 12:45:00 SS/MAY/SB/053/FF","Control",0.655219233974829
"52","2021-05-20 13:15:00 SS/MAY/SB/015/FF","Control",0.982828850962244
"53","2021-05-20 13:15:00 SS/MAY/SB/029/FF","Control",NA
"54","2021-05-20 13:15:00 SS/MAY/SB/058/FF","Control",NA
"55","2021-05-20 13:15:00 SS/MAY/SB/081/FF","Control",NA
"56","2021-05-20 14:07:00 SS/MAY/SB/014/FF","Control",1.77201689283449
"57","2021-05-20 14:07:00 SS/MAY/SB/036/FF","Control",1.43143315880913
"58","2021-05-20 16:30:00 SS/UYO/SB/085/FF","Control",2.49139602906847
"59","2021-05-20 16:30:00 SS/UYO/SB/091/FF","Control",5.78430053129788
"60","2021-05-20 16:33:00 SS/MAY/SB/074/FF","Control",1.94663635008263
"61","2021-05-20 16:45:00 SS/MAY/SB/030/FF","Control",2.65914305734665
"62","2021-05-20 23:15:00 SS/MAY/SB/028/FF","Control",1.11793112599717
"63","2021-05-20 23:25:00 SS/MAY/SB/077/FF","Control",1.87960194029899
"64","2021-05-21 08:00:00 SS/UYO/SB/090/FF","Control",2.64577203721529
"65","2021-05-21 10:30:00 SS/UYO/SB/088/FF","Control",NA
"66","2021-05-21 10:30:00 SS/UYO/SB/095/FF","Control",1.11288147005006
"67","2021-05-21 10:30:00 SS/UYO/SB/100/FF","Control",NA
"68","2021-05-22 08:30:00 SS/UYO/SB/095/FF","Control",NA
"69","2021-05-22 09:00:00 SS/UYO/SB/089/FF","Control",0.54134014931619
"70","2021-05-22 09:00:00 SS/UYO/SB/090/FF","Control",NA
"71","2021-05-22 09:00:00 SS/UYO/SB/091/FF","Control",2.05394260398123
"72","2021-05-22 09:00:00 SS/UYO/SB/092/FF","Control",0.927401225041718
"73","2021-05-22 09:00:00 SS/UYO/SB/094/FF","Control",0.138634483940549
"74","2021-05-22 11:00:00 SS/MAY/SB/034/FF","Control",NA
"75","2021-05-22 11:00:00 SS/UYO/SB/100/FF","Control",NA
"76","2021-05-22 11:25:00 SS/MAY/SB/082/FF","Control",NA
"77","2021-05-22 12:45:00 SS/MAY/SB/013/FF","Control",1.43143315880913
"78","2021-05-22 12:45:00 SS/MAY/SB/077/FF","Control",NA
"79","2021-05-23 01:00:00 SS/UYO/SB/100/FF","Control",NA
"80","2021-05-23 07:30:00 SS/UYO/SB/095/FF","Control",3.00899078356083
"81","2021-05-23 09:00:00 SS/UYO/SB/096/FF","Control",NA
"82","2021-05-23 10:15:00 SS/UYO/SB/092/FF","Control",0.558965562998585
"83","2021-05-23 12:15:00 SS/MAY/SB/001/FF","Control",NA
"84","2021-05-23 12:15:00 SS/MAY/SB/002/FF","Control",1.24796692530985
"85","2021-05-23 12:15:00 SS/MAY/SB/015/FF","Control",NA
"86","2021-05-23 12:15:00 SS/MAY/SB/034/FF","Control",NA
"87","2021-05-23 12:15:00 SS/MAY/SB/045/FF","Control",NA
"88","2021-05-23 12:25:00 SS/MAY/SB/082/FF","Control",NA
"89","2021-05-23 12:25:00 SS/MAY/SB/083/FF","Control",2.73104206927316
"90","2021-05-23 12:35:00 SS/MAY/SB/033/FF","Control",1.11773989839922
"91","2021-05-23 13:30:00 SS/MAY/SB/074/FF","Control",NA
"92","2021-05-24 08:00:00 SS/UYO/SB/095/FF","Control",NA
"93","2021-05-24 09:30:00 SS/UYO/SB/085/FF","Control",0.68464753466041
"94","2021-05-24 09:30:00 SS/UYO/SB/089/FF","Control",0.68464753466041
"95","2021-05-24 09:30:00 SS/UYO/SB/091/FF","Control",3.610788940273
"96","2021-05-24 09:30:00 SS/UYO/SB/100/FF","Control",NA
"97","2021-05-24 10:00:00 SS/UYO/SB/099/FF","Control",NA
"98","2021-05-24 11:45:00 SS/MAY/SB/074/FF","Control",NA
"99","2021-05-24 12:15:00 SS/MAY/SB/002/FF","Control",NA
"100","2021-05-24 12:15:00 SS/MAY/SB/015/FF","Control",NA
"101","2021-05-24 12:50:00 SS/MAY/SB/013/FF","Control",NA
"102","2021-05-24 12:50:00 SS/MAY/SB/077/FF","Control",NA
"103","2021-05-25 08:30:00 SS/UYO/SB/095/FF","Control",NA
"104","2021-05-25 09:00:00 SS/UYO/SB/088/FF","Control",NA
"105","2021-05-25 10:00:00 SS/UYO/SB/086/FF","Control",NA
"106","2021-05-25 10:00:00 SS/UYO/SB/094/FF","Control",NA
"107","2021-05-25 10:00:00 SS/UYO/SB/100/FF","Control",NA
"108","2021-05-25 11:00:00 SS/UYO/SB/089/FF","Control",NA
"109","2021-05-25 11:00:00 SS/UYO/SB/090/FF","Control",NA
"110","2021-05-25 11:00:00 SS/UYO/SB/092/FF","Control",NA
"111","2021-05-25 11:00:00 SS/UYO/SB/099/FF","Control",NA
"112","2021-05-25 11:25:00 SS/MAY/SB/074/FF","Control",NA
"113","2021-05-25 12:25:00 SS/MAY/SB/003/FF","Control",NA
"114","2021-05-25 13:45:00 SS/MAY/SB/034/FF","Control",NA
"115","2021-05-25 14:48:00 SS/MAY/SB/001/FF","Control",NA
"116","2021-05-25 14:48:00 SS/MAY/SB/014/FF","Control",NA
"117","2021-05-25 14:48:00 SS/MAY/SB/015/FF","Control",NA
"118","2021-05-26 10:30:00 SS/UYO/SB/086/FF","Control",0.927401225041718
"119","2021-05-26 10:30:00 SS/UYO/SB/088/FF","Control",NA
"120","2021-05-26 10:30:00 SS/UYO/SB/100/FF","Control",0.919668682293688
"121","2021-05-26 11:00:00 SS/UYO/SB/085/FF","Control",4.0382716318927
"122","2021-05-26 11:00:00 SS/UYO/SB/091/FF","Control",NA
"123","2021-05-26 11:00:00 SS/UYO/SB/097/FF","Control",NA
"124","2021-05-26 11:57:00 SS/MAY/SB/074/FF","Control",NA
"125","2021-05-26 12:26:00 SS/MAY/SB/077/FF","Control",1.82069471284878
"126","2021-05-26 12:36:00 SS/MAY/SB/013/FF","Control",NA
"127","2021-05-26 12:36:00 SS/MAY/SB/014/FF","Control",1.21453400146583
"128","2021-05-26 13:15:00 SS/MAY/SB/006/FF","Control",1.21453400146583
"129","2021-05-27 08:30:00 SS/UYO/SB/095/FF","Control",NA
"130","2021-05-27 09:00:00 SS/UYO/SB/100/FF","Control",NA
"131","2021-05-27 11:00:00 SS/UYO/SB/086/FF","Control",NA
"132","2021-05-27 11:00:00 SS/UYO/SB/088/FF","Control",NA
"133","2021-05-27 11:30:00 SS/UYO/SB/085/FF","Control",4.0382716318927
"134","2021-05-27 11:30:00 SS/UYO/SB/090/FF","Control",0.505062609138126
"135","2021-05-27 11:30:00 SS/UYO/SB/091/FF","Control",NA
"136","2021-05-28 00:00:00 SS/UYO/SB/096/FF","Control",2.49139602906847
"137","2021-05-28 00:00:00 SS/UYO/SB/100/FF","Control",NA
"138","2021-05-28 12:00:00 SS/UYO/SB/089/FF","Control",0.54134014931619
"139","2021-05-28 12:00:00 SS/UYO/SB/091/FF","Control",NA
"140","2021-05-28 12:00:00 SS/UYO/SB/092/FF","Control",NA
"141","2021-05-28 12:00:00 SS/UYO/SB/099/FF","Control",1.11288147005006
"142","2021-05-29 09:00:00 SS/UYO/SB/088/FF","Control",NA
"143","2021-05-29 12:30:00 SS/UYO/SB/086/FF","Control",1.36929506932082
"144","2021-05-29 12:30:00 SS/UYO/SB/090/FF","Control",NA
"145","2021-05-29 12:30:00 SS/UYO/SB/091/FF","Control",1.31043846794966
"146","2021-05-29 12:30:00 SS/UYO/SB/092/FF","Control",NA
"147","2021-05-29 12:30:00 SS/UYO/SB/100/FF","Control",1.36929506932082
"148","2021-05-30 10:30:00 SS/UYO/SB/095/FF","Control",1.36929506932082
"149","2021-05-30 12:00:00 SS/UYO/SB/094/FF","Control",NA
"150","2021-05-30 13:30:00 SS/UYO/SB/092/FF","Control",NA
"151","2021-05-30 13:30:00 SS/UYO/SB/096/FF","Control",NA
"152","2021-05-30 13:30:00 SS/UYO/SB/100/FF","Control",NA
"153","2021-05-31 08:00:00 SS/UYO/SB/100/FF","Control",NA
"154","2021-05-31 14:00:00 SS/UYO/SB/091/FF","Control",1.01012521827625
"155","2021-05-31 14:00:00 SS/UYO/SB/099/FF","Control",1.63804808493707
"156","2021-06-01 09:00:00 SS/UYO/SB/088/FF","Control",NA
"157","2021-06-01 09:00:00 SS/UYO/SB/095/FF","Control",NA
"158","2021-06-01 14:30:00 SS/UYO/SB/089/FF","Control",2.05394260398123
"159","2021-06-01 14:30:00 SS/UYO/SB/090/FF","Control",1.01012521827625
"160","2021-06-01 14:30:00 SS/UYO/SB/095/FF","Control",NA
"161","2021-06-01 14:30:00 SS/UYO/SB/096/FF","Control",1.96565770192449
"162","2021-06-01 15:00:00 SS/UYO/SB/092/FF","Control",NA
"163","2021-06-01 15:00:00 SS/UYO/SB/094/FF","Control",NA
"164","2021-06-02 09:30:00 SS/UYO/SB/088/FF","Control",1.36929506932082
"165","2021-06-02 15:30:00 SS/UYO/SB/092/FF","Control",NA
"166","2021-06-02 16:00:00 SS/UYO/SB/085/FF","Control",1.66093068604565
"167","2021-06-02 16:00:00 SS/UYO/SB/091/FF","Control",1.67689668899576
"168","2021-06-02 16:00:00 SS/UYO/SB/099/FF","Control",2.28811534258576
"169","2021-06-04 08:00:00 SS/UYO/SB/094/FF","Control",1.36929506932082
"170","2021-06-04 08:30:00 SS/UYO/SB/088/FF","Control",1.36929506932082
"171","2021-06-05 08:00:00 SS/UYO/SB/088/FF","Control",NA
"172","2021-06-05 08:00:00 SS/UYO/SB/091/FF","Control",2.62004623246635
"173","2021-06-05 08:00:00 SS/UYO/SB/092/FF","Control",NA
"174","2021-06-06 07:30:00 SS/UYO/SB/100/FF","Control",2.05394260398123
"175","2021-06-06 08:00:00 SS/UYO/SB/094/FF","Control",1.32288601860765
"176","2021-06-06 08:00:00 SS/UYO/SB/096/FF","Control",NA
"177","2021-07-04 12:40:00 SS/MAY/SB/074/FF","Control",NA
"178","2021-07-04 13:23:00 SS/MAY/SB/028/FF","Control",NA
"179","2021-07-05 13:07:00 SS/MAY/SB/028/FF","Control",NA
"180","2021-07-05 13:08:00 SS/MAY/SB/074/FF","Control",1.59124622780292
"181","2021-07-06 12:35:00 SS/MAY/SB/074/FF","Control",2.23547979679845
"182","2021-07-06 13:17:00 SS/MAY/SB/028/FF","Control",NA
"183","2021-07-07 13:18:00 SS/MAY/SB/052/FF","Control",NA
"184","2021-07-07 13:35:00 SS/MAY/SB/002/FF","Control",2.23547979679845
"185","2021-07-07 13:35:00 SS/MAY/SB/015/FF","Control",2.23547979679845
"186","2021-07-09 12:20:00 SS/MAY/SB/013/FF","Control",2.23547979679845
"187","2021-07-09 12:35:00 SS/MAY/SB/074/FF","Control",2.23547979679845
"188","2021-07-09 12:40:00 SS/MAY/SB/001/FF","Control",2.23547979679845
"189","2021-07-09 13:18:00 SS/MAY/SB/052/FF","Control",1.13085440559699
"190","2021-07-10 12:20:00 SS/MAY/SB/001/FF","Control",2.23547979679845
"191","2021-07-11 12:40:00 SS/MAY/SB/031/FF","Control",1.11773989839922
"192","2021-07-11 12:40:00 SS/MAY/SB/074/FF","Control",1.11773989839922
"193","2021-07-11 13:20:00 SS/MAY/SB/052/FF","Control",NA
"194","2021-07-12 12:45:00 SS/MAY/SB/036/FF","Control",NA
"195","2021-07-13 12:34:00 SS/MAY/SB/074/FF","Control",1.11773989839922
"196","2021-07-13 12:47:00 SS/MAY/SB/028/FF","Control",NA
"197","2021-07-13 13:11:00 SS/MAY/SB/017/FF","Control",0.964050088549647
"198","2021-07-14 13:13:00 SS/MAY/SB/028/FF","Control",NA
"199","2021-07-15 12:29:00 SS/MAY/SB/029/FF","Control",NA
"200","2021-07-15 12:49:00 SS/MAY/SB/028/FF","Control",NA
"201","2021-07-16 13:34:00 SS/MAY/SB/017/FF","Control",0.115923978689258
"202","2021-07-17 12:30:00 SS/MAY/SB/003/FF","Control",1.11773989839922
"203","2021-07-17 12:45:00 SS/MAY/SB/077/FF","Control",NA
"204","2021-07-17 13:57:00 SS/MAY/SB/028/FF","Control",NA
"205","2021-07-18 01:48:00 SS/MAY/SB/058/FF","Control",1.44484405187776
"206","2021-07-18 13:13:00 SS/MAY/SB/017/FF","Control",0.684360343129647
"207","2021-07-19 12:20:00 SS/MAY/SB/013/FF","Control",2.23547979679845
"208","2021-07-19 13:11:00 SS/MAY/SB/028/FF","Control",NA
"209","2021-07-19 13:27:00 SS/MAY/SB/083/FF","Control",1.31239376485329
"210","2021-07-20 12:18:00 SS/MAY/SB/028/FF","Control",NA
"211","2021-07-21 12:45:00 SS/MAY/SB/030/FF","Control",2.23547979679845
"212","2021-07-21 12:45:00 SS/MAY/SB/077/FF","Control",2.23547979679845
"213","2021-07-21 13:13:00 SS/MAY/SB/083/FF","Control",0.115923978689258
"214","2021-07-21 13:27:00 SS/MAY/SB/012/FF","Control",0.115923978689258
"215","2021-07-22 11:45:00 SS/MAY/SB/034/FF","Control",NA
"216","2021-07-22 12:30:00 SS/MAY/SB/031/FF","Control",3.35321969519767
"217","2021-07-22 12:30:00 SS/MAY/SB/077/FF","Control",1.11773989839922
"218","2021-07-22 13:18:00 SS/MAY/SB/028/FF","Control",NA
"219","2021-07-22 13:32:00 SS/MAY/SB/083/FF","Control",NA
"220","2021-07-23 12:40:00 SS/MAY/SB/036/FF","Control",1.11773989839922
"221","2021-07-23 14:10:00 SS/MAY/SB/017/FF","Control",NA
"222","2021-07-23 14:13:00 SS/MAY/SB/028/FF","Control",0.964050088549647
"223","2021-07-24 12:30:00 SS/MAY/SB/070/FF","Control",2.23547979679845
"224","2021-07-24 12:45:00 SS/MAY/SB/074/FF","Control",2.88968810375551
"225","2021-07-24 13:03:00 SS/MAY/SB/012/FF","Control",NA
"226","2021-07-24 13:15:00 SS/MAY/SB/077/FF","Control",1.11773989839922
"227","2021-07-24 13:47:00 SS/MAY/SB/083/FF","Control",NA
"228","2021-07-25 12:21:00 SS/MAY/SB/001/FF","Control",NA
"229","2021-07-25 12:21:00 SS/MAY/SB/002/FF","Control",NA
"230","2021-07-25 13:03:00 SS/MAY/SB/012/FF","Control",NA
"231","2021-07-25 13:18:00 SS/MAY/SB/074/FF","Control",NA
"232","2021-07-26 12:15:00 SS/MAY/SB/015/FF","Control",NA
"233","2021-07-29 12:17:00 SS/MAY/SB/003/FF","Control",NA
"234","2021-08-01 13:04:00 SS/MAY/SB/083/FF","Control",1.0510076121845
"235","2021-08-01 13:23:00 SS/MAY/SB/081/FF","Control",NA
"236","2021-08-01 14:13:00 SS/MAY/SB/078/FF","Control",NA
"237","2021-08-02 14:14:00 SS/MAY/SB/029/FF","Control",1.44484405187776
"238","2021-08-04 14:18:00 SS/MAY/SB/081/FF","Control",0.231847957378517
"239","2021-08-05 12:15:00 SS/MAY/SB/015/FF","Control",2.23547979679845
"240","2021-08-05 12:45:00 SS/MAY/SB/074/FF","Control",2.88968810375551
"241","2021-08-06 13:15:00 SS/MAY/SB/074/FF","Control",1.11773989839922
"242","2021-08-07 12:40:00 SS/MAY/SB/074/FF","Control",2.23547979679845
"243","2021-08-07 13:35:00 SS/MAY/SB/015/FF","Control",NA
"244","2021-08-13 12:13:00 SS/MAY/SB/026/FF","Control",NA
"245","2021-08-13 12:13:00 SS/MAY/SB/026/FF","Experimental",0.684360343129647
"246","2021-08-13 12:18:00 SS/MAY/SB/043/FF","Experimental",NA
"247","2021-08-13 12:30:00 SS/MAY/SB/001/FF","Control",1.11773989839922
"248","2021-08-13 12:30:00 SS/MAY/SB/001/FF","Experimental",1.11773989839922
"249","2021-08-13 12:33:00 SS/MAY/SB/027/FF","Control",NA
"250","2021-08-13 12:44:00 SS/MAY/SB/042/FF","Experimental",1.44484405187776
"251","2021-08-13 13:04:00 SS/MAY/SB/017/FF","Control",NA
"252","2021-08-13 13:04:00 SS/MAY/SB/082/FF","Experimental",1.20359631342433
"253","2021-08-13 13:17:00 SS/MAY/SB/058/FF","Experimental",1.36872068625929
"254","2021-08-13 13:20:00 SS/MAY/SB/031/FF","Experimental",NA
"255","2021-08-13 13:30:00 SS/MAY/SB/010/FF","Experimental",NA
"256","2021-08-13 13:33:00 SS/MAY/SB/012/FF","Experimental",1.65341883092471
"257","2021-08-13 13:33:00 SS/MAY/SB/028/FF","Experimental",1.65341883092471
"258","2021-08-14 12:00:00 SS/MAY/SB/033/FF","Control",1.11773989839922
"259","2021-08-14 12:40:00 SS/MAY/SB/001/FF","Control",1.11773989839922
"260","2021-08-14 12:40:00 SS/MAY/SB/011/FF","Experimental",NA
"261","2021-08-15 12:04:00 SS/MAY/SB/042/FF","Control",NA
"262","2021-08-15 12:04:00 SS/MAY/SB/042/FF","Experimental",NA
"263","2021-08-15 12:41:00 SS/MAY/SB/070/FF","Control",2.88968810375551
"264","2021-08-15 13:17:00 SS/MAY/SB/001/FF","Control",NA
"265","2021-08-15 13:17:00 SS/MAY/SB/001/FF","Experimental",1.11773989839922
"266","2021-08-15 13:37:00 SS/MAY/SB/078/FF","Experimental",NA
"267","2021-08-15 14:20:00 SS/MAY/SB/010/FF","Experimental",1.11773989839922
"268","2021-08-16 13:15:00 SS/MAY/SB/001/FF","Control",NA
"269","2021-08-16 13:35:00 SS/MAY/SB/010/FF","Experimental",NA
"270","2021-08-17 12:15:00 SS/MAY/SB/033/FF","Control",2.88968810375551
"271","2021-08-17 12:40:00 SS/MAY/SB/001/FF","Experimental",NA
"272","2021-08-18 12:32:00 SS/MAY/SB/026/FF","Control",NA
"273","2021-08-18 12:50:00 SS/MAY/SB/042/FF","Control",1.44484405187776
"274","2021-08-18 12:57:00 SS/MAY/SB/027/FF","Control",NA
"275","2021-08-18 13:19:00 SS/MAY/SB/074/FF","Control",NA
"276","2021-08-18 13:20:00 SS/MAY/SB/001/FF","Experimental",NA
"277","2021-08-18 14:02:00 SS/MAY/SB/078/FF","Control",4.11925943920131
"278","2021-08-18 14:02:00 SS/MAY/SB/078/FF","Experimental",NA
"279","2021-08-20 12:40:00 SS/MAY/SB/001/FF","Control",1.11773989839922
"280","2021-08-20 12:40:00 SS/MAY/SB/003/FF","Experimental",NA
"281","2021-08-20 12:40:00 SS/MAY/SB/074/FF","Experimental",NA
"282","2021-08-23 12:43:00 SS/MAY/SB/026/FF","Control",NA
"283","2021-08-23 12:50:00 SS/MAY/SB/027/FF","Experimental",1.530599325576
"284","2021-08-23 12:57:00 SS/MAY/SB/042/FF","Control",1.11729173344826
"285","2021-08-23 13:03:00 SS/MAY/SB/065/FF","Control",4.11925943920131
"286","2021-08-23 13:22:00 SS/MAY/SB/012/FF","Experimental",NA
"287","2021-08-25 10:30:00 SS/UYO/SB/071/FF","Control",NA
"288","2021-08-25 10:30:00 SS/UYO/SB/079/FF","Control",1.20359631342433
"289","2021-08-25 10:30:00 SS/UYO/SB/086/FF","Control",NA
"290","2021-08-25 10:30:00 SS/UYO/SB/088/FF","Control",1.8053944701365
"291","2021-08-25 10:30:00 SS/UYO/SB/090/FF","Control",NA
"292","2021-08-25 10:30:00 SS/UYO/SB/091/FF","Control",2.40719262684866
"293","2021-08-25 10:30:00 SS/UYO/SB/092/FF","Control",NA
"294","2021-08-25 10:30:00 SS/UYO/SB/094/FF","Control",NA
"295","2021-08-25 12:15:00 SS/MAY/SB/034/FF","Control",1.11773989839922
"296","2021-08-25 12:40:00 SS/MAY/SB/002/FF","Experimental",1.66093068604565
"297","2021-08-25 13:21:00 SS/MAY/SB/033/FF","Experimental",NA
"298","2021-08-25 13:22:00 SS/MAY/SB/002/FF","Control",1.11773989839922
"299","2021-08-25 13:37:00 SS/MAY/SB/070/FF","Experimental",1.24569801453424
"300","2021-08-27 12:30:00 SS/UYO/SB/079/FF","Control",NA
"301","2021-08-27 12:30:00 SS/UYO/SB/089/FF","Control",0.838448344497878
"302","2021-08-27 12:30:00 SS/UYO/SB/091/FF","Control",NA
"303","2021-08-27 12:30:00 SS/UYO/SB/092/FF","Control",0.882549677839552
"304","2021-08-27 12:30:00 SS/UYO/SB/094/FF","Control",2.73744137251859
"305","2021-08-28 12:15:00 SS/MAY/SB/066/FF","Control",NA
"306","2021-08-28 12:35:00 SS/MAY/SB/068/FF","Control",2.88968810375551
"307","2021-08-28 12:36:00 SS/MAY/SB/033/FF","Control",NA
"308","2021-08-28 12:45:00 SS/MAY/SB/002/FF","Control",NA
"309","2021-08-28 12:45:00 SS/MAY/SB/015/FF","Control",NA
"310","2021-08-30 08:00:00 SS/UYO/SB/088/FF","Control",NA
"311","2021-08-30 08:00:00 SS/UYO/SB/100/FF","Control",1.8053944701365
"312","2021-08-30 14:00:00 SS/UYO/SB/092/FF","Control",NA
"313","2021-09-01 07:00:00 SS/UYO/SB/088/FF","Control",0.967372921983811
"314","2021-09-01 07:00:00 SS/UYO/SB/090/FF","Control",1.36929506932082
"315","2021-09-01 07:00:00 SS/UYO/SB/100/FF","Control",2.40719262684866
"316","2021-09-03 07:30:00 SS/UYO/SB/085/FF","Control",NA
"317","2021-09-03 07:30:00 SS/UYO/SB/086/FF","Control",NA
"318","2021-09-03 07:30:00 SS/UYO/SB/088/FF","Control",NA
"319","2021-09-03 07:30:00 SS/UYO/SB/089/FF","Control",NA
"320","2021-09-04 08:00:00 SS/UYO/SB/085/FF","Control",1.98432902791147
"321","2021-09-04 08:00:00 SS/UYO/SB/091/FF","Control",NA
"322","2021-09-04 08:00:00 SS/UYO/SB/095/FF","Control",1.8053944701365
"323","2021-09-05 08:30:00 SS/UYO/SB/088/FF","Control",1.530599325576
"324","2021-09-05 08:30:00 SS/UYO/SB/092/FF","Control",0.661443009303823
"325","2021-09-05 08:30:00 SS/UYO/SB/094/FF","Control",NA
"326","2021-09-06 09:00:00 SS/UYO/SB/039/FF","Control",1.8053944701365
"327","2021-09-06 09:00:00 SS/UYO/SB/085/FF","Control",1.24569801453424
"328","2021-09-06 09:00:00 SS/UYO/SB/085/FF","Experimental",NA
"329","2021-09-06 09:00:00 SS/UYO/SB/086/FF","Control",NA
"330","2021-09-06 09:00:00 SS/UYO/SB/091/FF","Control",NA
"331","2021-09-06 09:00:00 SS/UYO/SB/092/FF","Control",0.558965562998585
"332","2021-09-06 09:00:00 SS/UYO/SB/094/FF","Control",0.919668682293688
"333","2021-09-06 09:00:00 SS/UYO/SB/099/FF","Experimental",NA
"334","2021-09-06 09:00:00 SS/UYO/SB/100/FF","Control",NA
"335","2021-09-07 09:30:00 SS/UYO/SB/085/FF","Control",0.741920980033374
"336","2021-09-07 09:30:00 SS/UYO/SB/088/FF","Control",2.26805957167606
"337","2021-09-07 09:30:00 SS/UYO/SB/091/FF","Control",NA
"338","2021-09-07 09:30:00 SS/UYO/SB/092/FF","Control",NA
"339","2021-09-07 09:30:00 SS/UYO/SB/094/FF","Control",NA
"340","2021-09-08 10:00:00 SS/UYO/SB/090/FF","Control",1.71161883665102
"341","2021-09-08 10:00:00 SS/UYO/SB/091/FF","Control",NA
"342","2021-09-08 10:00:00 SS/UYO/SB/095/FF","Control",0.741920980033374
"343","2021-09-09 10:30:00 SS/UYO/SB/039/FF","Control",NA
"344","2021-09-09 10:30:00 SS/UYO/SB/085/FF","Control",0.984129726426193
"345","2021-09-09 10:30:00 SS/UYO/SB/091/FF","Control",2.90662870057988
"346","2021-09-09 10:30:00 SS/UYO/SB/092/FF","Control",0.738097294819644
"347","2021-09-09 10:30:00 SS/UYO/SB/099/FF","Control",NA
"348","2021-09-09 10:30:00 SS/UYO/SB/100/FF","Control",NA
"349","2021-09-10 11:00:00 SS/UYO/SB/071/FF","Control",3.00899078356083
"350","2021-09-10 11:00:00 SS/UYO/SB/085/FF","Control",NA
"351","2021-09-10 11:00:00 SS/UYO/SB/088/FF","Control",NA
"352","2021-09-11 11:30:00 SS/UYO/SB/089/FF","Control",NA
"353","2021-09-11 11:30:00 SS/UYO/SB/092/FF","Control",NA
"354","2021-09-12 12:00:00 SS/UYO/SB/094/FF","Control",NA
"355","2021-09-13 07:30:00 SS/UYO/SB/071/FF","Control",1.92810017709929
"356","2021-09-13 07:30:00 SS/UYO/SB/088/FF","Control",1.02697130199061
"357","2021-09-13 07:30:00 SS/UYO/SB/100/FF","Control",2.40719262684866
"358","2021-09-13 12:30:00 SS/UYO/SB/085/FF","Control",2.18772603985052
"359","2021-09-13 12:30:00 SS/UYO/SB/091/FF","Control",2.10201522436899
"360","2021-09-13 12:30:00 SS/UYO/SB/094/FF","Control",NA
"361","2021-09-14 08:00:00 SS/UYO/SB/088/FF","Control",2.05962971960065
"362","2021-09-14 08:00:00 SS/UYO/SB/095/FF","Control",2.39626637131143
"363","2021-09-14 13:00:00 SS/UYO/SB/085/FF","Control",NA
"364","2021-09-14 13:00:00 SS/UYO/SB/090/FF","Control",NA
"365","2021-09-14 13:00:00 SS/UYO/SB/092/FF","Control",0.491414425481122
"366","2021-09-15 08:30:00 SS/UYO/SB/039/FF","Control",NA
"367","2021-09-15 08:30:00 SS/UYO/SB/095/FF","Control",2.40719262684866
"368","2021-09-15 08:30:00 SS/UYO/SB/100/FF","Control",NA
"369","2021-09-16 09:00:00 SS/UYO/SB/079/FF","Control",NA
"370","2021-09-16 09:00:00 SS/UYO/SB/095/FF","Control",1.02697130199061
"371","2021-09-17 07:00:00 SS/UYO/SB/039/FF","Control",NA
"372","2021-09-17 07:00:00 SS/UYO/SB/089/FF","Control",1.11288147005006
"373","2021-09-17 07:00:00 SS/UYO/SB/090/FF","Control",NA
"374","2021-09-18 07:30:00 SS/UYO/SB/079/FF","Control",NA
"375","2021-09-18 07:30:00 SS/UYO/SB/091/FF","Control",NA
"376","2021-09-18 07:30:00 SS/UYO/SB/094/FF","Control",NA
"377","2021-09-18 07:30:00 SS/UYO/SB/095/FF","Control",0.992164513955735
"378","2021-09-19 08:00:00 SS/UYO/SB/095/FF","Control",1.02697130199061
"379","2021-09-20 08:30:00 SS/UYO/SB/085/FF","Experimental",NA
"380","2021-09-20 08:30:00 SS/UYO/SB/088/FF","Control",1.20359631342433
"381","2021-09-20 08:30:00 SS/UYO/SB/088/FF","Experimental",NA
"382","2021-09-20 08:30:00 SS/UYO/SB/091/FF","Control",2.75938075104003
"383","2021-09-20 08:30:00 SS/UYO/SB/092/FF","Control",NA
"384","2021-09-20 08:30:00 SS/UYO/SB/094/FF","Control",NA
"385","2021-09-20 08:30:00 SS/UYO/SB/095/FF","Control",1.33714740012465
"386","2021-09-20 08:30:00 SS/UYO/SB/099/FF","Control",0.927401225041718
"387","2021-09-21 09:00:00 SS/UYO/SB/020/FF","Experimental",NA
"388","2021-09-21 09:00:00 SS/UYO/SB/085/FF","Control",NA
"389","2021-09-21 09:00:00 SS/UYO/SB/091/FF","Control",2.73703454493333
"390","2021-09-21 09:00:00 SS/UYO/SB/099/FF","Control",NA
"391","2021-09-21 09:00:00 SS/UYO/SB/100/FF","Control",2.40719262684866
"392","2021-09-22 09:30:00 SS/UYO/SB/085/FF","Control",0.984129726426193
"393","2021-09-22 09:30:00 SS/UYO/SB/091/FF","Control",1.98432902791147
"394","2021-09-23 10:00:00 SS/UYO/SB/086/FF","Control",NA
"395","2021-09-23 10:00:00 SS/UYO/SB/091/FF","Control",NA
"396","2021-09-23 10:00:00 SS/UYO/SB/094/FF","Control",NA
"397","2021-09-23 10:00:00 SS/UYO/SB/095/FF","Control",NA
"398","2021-09-23 10:00:00 SS/UYO/SB/099/FF","Control",NA
"399","2021-09-24 10:30:00 SS/UYO/SB/091/FF","Control",2.73744137251859
"400","2021-09-25 11:00:00 SS/UYO/SB/071/FF","Control",NA
"401","2021-09-25 11:00:00 SS/UYO/SB/088/FF","Control",1.92810017709929
"402","2021-09-25 11:00:00 SS/UYO/SB/091/FF","Control",1.85480245008344
"403","2021-09-25 11:00:00 SS/UYO/SB/092/FF","Control",NA
"404","2021-09-25 11:00:00 SS/UYO/SB/099/FF","Control",NA
"405","2021-09-25 11:00:00 SS/UYO/SB/099/FF","Experimental",NA
"406","2021-09-27 12:00:00 SS/UYO/SB/039/FF","Control",NA
"407","2021-09-27 12:00:00 SS/UYO/SB/085/FF","Control",0.902233582193649
"408","2021-09-27 12:00:00 SS/UYO/SB/091/FF","Control",2.73744137251859
"409","2021-09-28 12:30:00 SS/UYO/SB/039/FF","Control",NA
"410","2021-09-28 12:30:00 SS/UYO/SB/090/FF","Experimental",NA
"411","2021-09-28 12:30:00 SS/UYO/SB/093/FF","Control",0.770738917811292
"412","2021-09-28 12:30:00 SS/UYO/SB/100/FF","Control",NA
"413","2021-09-29 13:00:00 SS/UYO/SB/039/FF","Control",NA
"414","2021-09-29 13:00:00 SS/UYO/SB/095/FF","Control",NA
"415","2021-09-29 13:00:00 SS/UYO/SB/099/FF","Control",NA
"416","2021-09-29 13:00:00 SS/UYO/SB/100/FF","Control",2.88968810375551
"417","2021-09-30 07:00:00 SS/UYO/SB/071/FF","Control",1.02697130199061
"418","2021-10-01 07:00:00 SS/UYO/SB/039/FF","Control",1.71161883665102
"419","2021-10-01 07:00:00 SS/UYO/SB/086/FF","Control",1.20359631342433
"420","2021-10-01 07:00:00 SS/UYO/SB/094/FF","Control",NA
"421","2021-10-01 07:00:00 SS/UYO/SB/100/FF","Control",1.92810017709929
"422","2021-10-02 07:30:00 SS/UYO/SB/085/FF","Control",NA
"423","2021-10-02 07:30:00 SS/UYO/SB/090/FF","Control",NA
"424","2021-10-02 07:30:00 SS/UYO/SB/091/FF","Control",1.85480245008344
"425","2021-10-02 07:30:00 SS/UYO/SB/095/FF","Control",NA
"426","2021-11-01 12:05:00 SS/MAY/SB/065/FF","Control",0.115923978689258
"427","2021-11-01 12:05:00 SS/MAY/SB/065/FF","Experimental",NA
"428","2021-11-01 12:35:00 SS/MAY/SB/077/FF","Control",2.05962971960065
"429","2021-11-01 12:37:00 SS/MAY/SB/033/FF","Control",1.67669200925627
"430","2021-11-01 12:40:00 SS/MAY/SB/001/FF","Control",2.88968810375551
"431","2021-11-01 12:40:00 SS/MAY/SB/034/FF","Control",1.11773989839922
"432","2021-11-01 13:00:00 SS/MAY/SB/042/FF","Control",NA
"433","2021-11-01 13:48:00 SS/MAY/SB/058/FF","Experimental",NA
"434","2021-11-01 14:00:00 SS/MAY/SB/033/FF","Control",1.67669200925627
"435","2021-11-01 14:00:00 SS/UYO/SB/039/FF","Control",0.741920980033374
"436","2021-11-01 14:00:00 SS/UYO/SB/088/FF","Control",2.40719262684866
"437","2021-11-01 14:00:00 SS/UYO/SB/088/FF","Experimental",NA
"438","2021-11-01 14:18:00 SS/MAY/SB/025/FF","Experimental",NA
"439","2021-11-03 07:30:00 SS/UYO/SB/086/FF","Control",1.65360752325956
"440","2021-11-03 07:30:00 SS/UYO/SB/088/FF","Control",NA
"441","2021-11-03 07:30:00 SS/UYO/SB/089/FF","Control",1.8053944701365
"442","2021-11-03 07:30:00 SS/UYO/SB/091/FF","Control",5.89867888731634
"443","2021-11-03 07:30:00 SS/UYO/SB/094/FF","Control",NA
"444","2021-11-03 07:30:00 SS/UYO/SB/099/FF","Control",NA
"445","2021-11-03 07:30:00 SS/UYO/SB/099/FF","Experimental",NA
"446","2021-11-03 14:00:00 SS/MAY/SB/027/FF","Control",0.115923978689258
"447","2021-11-03 14:20:00 SS/MAY/SB/083/FF","Experimental",NA
"448","2021-11-03 14:45:00 SS/MAY/SB/033/FF","Control",0.830595475192919
"449","2021-11-03 14:45:00 SS/MAY/SB/033/FF","Experimental",NA
"450","2021-11-05 08:30:00 SS/UYO/SB/085/FF","Control",0.927401225041718
"451","2021-11-05 08:30:00 SS/UYO/SB/090/FF","Control",0.927401225041718
"452","2021-11-05 08:30:00 SS/UYO/SB/090/FF","Experimental",NA
"453","2021-11-05 08:30:00 SS/UYO/SB/091/FF","Control",3.04098164714935
"454","2021-11-05 12:35:00 SS/MAY/SB/077/FF","Control",2.88968810375551
"455","2021-11-05 13:15:00 SS/MAY/SB/001/FF","Control",1.530599325576
"456","2021-11-08 10:00:00 SS/UYO/SB/085/FF","Control",1.83958716736002
"457","2021-11-08 10:00:00 SS/UYO/SB/085/FF","Experimental",NA
"458","2021-11-08 10:00:00 SS/UYO/SB/090/FF","Control",1.23016215803274
"459","2021-11-08 10:00:00 SS/UYO/SB/091/FF","Control",5.78430053129788
"460","2021-11-08 10:00:00 SS/UYO/SB/092/FF","Control",1.31002311623318
"461","2021-11-08 10:00:00 SS/UYO/SB/094/FF","Control",1.32288601860765
"462","2021-11-08 10:00:00 SS/UYO/SB/095/FF","Control",1.24569801453424
"463","2021-11-08 10:00:00 SS/UYO/SB/099/FF","Experimental",NA
"464","2021-11-10 11:30:00 SS/UYO/SB/039/FF","Control",0.838448344497878
"465","2021-11-10 11:30:00 SS/UYO/SB/086/FF","Control",2.05394260398123
"466","2021-11-10 11:30:00 SS/UYO/SB/089/FF","Control",1.72222702124584
"467","2021-11-10 11:30:00 SS/UYO/SB/089/FF","Experimental",NA
"468","2021-11-10 11:30:00 SS/UYO/SB/099/FF","Control",3.21927754288004
"469","2021-11-10 11:30:00 SS/UYO/SB/099/FF","Experimental",NA
"470","2021-11-10 13:52:00 SS/MAY/SB/028/FF","Experimental",NA
"471","2021-11-10 13:52:00 SS/MAY/SB/082/FF","Experimental",NA
"472","2021-11-12 12:30:00 SS/UYO/SB/091/FF","Control",6.00705531158443
"473","2021-11-12 12:30:00 SS/UYO/SB/094/FF","Control",1.36929506932082
"474","2021-11-12 12:30:00 SS/UYO/SB/099/FF","Control",1.11288147005006
"475","2021-11-13 12:30:00 SS/MAY/SB/033/FF","Control",1.11773989839922
"476","2021-11-13 12:42:00 SS/MAY/SB/033/FF","Control",1.11773989839922
"477","2021-11-13 13:36:00 SS/MAY/SB/036/FF","Control",0.699778550783464
"478","2021-11-15 07:30:00 SS/UYO/SB/039/FF","Experimental",NA
"479","2021-11-15 07:30:00 SS/UYO/SB/071/FF","Control",NA
"480","2021-11-15 07:30:00 SS/UYO/SB/093/FF","Experimental",NA
"481","2021-11-15 07:30:00 SS/UYO/SB/099/FF","Experimental",NA
"482","2021-11-15 13:51:00 SS/MAY/SB/029/FF","Experimental",NA
"483","2021-11-15 14:18:00 SS/MAY/SB/025/FF","Experimental",NA
"484","2021-11-16 12:35:00 SS/MAY/SB/001/FF","Control",5.77937620751103
"485","2021-11-16 12:35:00 SS/MAY/SB/045/FF","Control",5.77937620751103
"486","2021-11-17 08:30:00 SS/UYO/SB/085/FF","Control",1.31043846794966
"487","2021-11-17 08:30:00 SS/UYO/SB/094/FF","Control",NA
"488","2021-11-17 08:30:00 SS/UYO/SB/099/FF","Experimental",NA
"489","2021-11-19 09:30:00 SS/UYO/SB/071/FF","Control",NA
"490","2021-11-19 09:30:00 SS/UYO/SB/089/FF","Control",0.819024042468536
"491","2021-11-19 09:30:00 SS/UYO/SB/089/FF","Experimental",NA
"492","2021-11-19 09:30:00 SS/UYO/SB/093/FF","Control",NA
"493","2021-11-19 09:30:00 SS/UYO/SB/099/FF","Control",1.85480245008344
"494","2021-11-22 10:30:00 SS/UYO/SB/085/FF","Control",1.23016215803274
"495","2021-11-22 10:30:00 SS/UYO/SB/091/FF","Control",4.45020897529267
"496","2021-11-22 10:30:00 SS/UYO/SB/095/FF","Control",0.982828850962244
"497","2021-11-22 10:30:00 SS/UYO/SB/099/FF","Control",1.83958716736002
"498","2021-11-22 10:30:00 SS/UYO/SB/100/FF","Control",1.85480245008344
"499","2021-11-24 11:30:00 SS/UYO/SB/039/FF","Control",0.558965562998585
"500","2021-11-24 11:30:00 SS/UYO/SB/071/FF","Control",0.819024042468536
"501","2021-11-24 11:30:00 SS/UYO/SB/085/FF","Control",NA
"502","2021-11-24 11:30:00 SS/UYO/SB/089/FF","Experimental",1.36872068625929
"503","2021-11-24 11:30:00 SS/UYO/SB/091/FF","Control",2.41124318510847
"504","2021-11-24 11:30:00 SS/UYO/SB/099/FF","Control",1.65360752325956
"505","2021-11-24 11:30:00 SS/UYO/SB/100/FF","Control",2.97649354186721
"506","2021-11-26 12:30:00 SS/UYO/SB/089/FF","Control",1.98432902791147
"507","2021-11-26 12:30:00 SS/UYO/SB/090/FF","Control",1.98432902791147
"508","2021-11-26 12:30:00 SS/UYO/SB/091/FF","Control",5.05886471024006
"509","2021-11-26 12:30:00 SS/UYO/SB/095/FF","Control",1.11793112599717
"510","2021-11-26 12:30:00 SS/UYO/SB/100/FF","Control",3.63793655117103
"511","2021-11-29 07:00:00 SS/UYO/SB/039/FF","Control",0.558965562998585
"512","2021-11-29 07:00:00 SS/UYO/SB/089/FF","Control",1.01012521827625
"513","2021-11-29 07:00:00 SS/UYO/SB/090/FF","Control",2.64577203721529
"514","2021-11-29 07:00:00 SS/UYO/SB/091/FF","Control",6.17491515275233
"515","2021-11-29 07:00:00 SS/UYO/SB/091/FF","Experimental",NA
"516","2021-11-29 07:00:00 SS/UYO/SB/094/FF","Control",0.927401225041718
"517","2021-11-29 07:00:00 SS/UYO/SB/095/FF","Control",1.67689668899576
"518","2021-11-29 07:00:00 SS/UYO/SB/100/FF","Control",2.22576294010012
"519","2021-11-29 12:45:00 SS/MAY/SB/074/FF","Control",0.795623113901458
"520","2021-11-29 13:15:00 SS/MAY/SB/010/FF","Control",NA
"521","2021-12-02 12:40:00 SS/MAY/SB/036/FF","Control",1.59124622780292
"522","2021-12-02 13:47:00 SS/MAY/SB/042/FF","Control",0.536103702057102
"523","2021-12-02 14:32:00 SS/MAY/SB/064/FF","Control",NA
"524","2022-02-01 08:30:00 SS/UYO/SB/085/FF","Control",NA
"525","2022-02-01 08:30:00 SS/UYO/SB/085/FF","Experimental",0.819024042468536
"526","2022-02-01 08:30:00 SS/UYO/SB/086/FF","Control",1.11288147005006
"527","2022-02-01 08:30:00 SS/UYO/SB/088/FF","Control",NA
"528","2022-02-01 08:30:00 SS/UYO/SB/091/FF","Control",NA
"529","2022-02-01 08:30:00 SS/UYO/SB/093/FF","Control",2.52989833381146
"530","2022-02-01 08:30:00 SS/UYO/SB/094/FF","Control",1.11288147005006
"531","2022-02-01 12:09:00 SS/MAY/SB/033/FF","Control",0.327719634228714
"532","2022-02-01 12:29:00 SS/MAY/SB/036/FF","Control",1.32608556327057
"533","2022-02-01 12:35:00 SS/MAY/SB/045/FF","Experimental",NA
"534","2022-02-01 12:38:00 SS/MAY/SB/013/FF","Control",1.8053944701365
"535","2022-02-01 12:38:00 SS/MAY/SB/077/FF","Experimental",NA
"536","2022-02-01 12:40:00 SS/MAY/SB/076/FF","Control",NA
"537","2022-02-01 12:41:00 SS/MAY/SB/014/FF","Control",0.677003501834182
"538","2022-02-01 12:42:00 SS/MAY/SB/019/FF","Control",1.0510076121845
"539","2022-02-01 12:44:00 SS/MAY/SB/068/FF","Control",1.36872068625929
"540","2022-02-01 12:48:00 SS/MAY/SB/004/FF","Control",0.795623113901458
"541","2022-02-01 12:50:00 SS/MAY/SB/032/FF","Experimental",NA
"542","2022-02-01 12:55:00 SS/MAY/SB/010/FF","Experimental",NA
"543","2022-02-01 13:15:00 SS/MAY/SB/033/FF","Control",1.28113851546992
"544","2022-02-01 13:15:00 SS/MAY/SB/034/FF","Control",1.31174216869402
"545","2022-02-01 13:15:00 SS/MAY/SB/066/FF","Control",NA
"546","2022-02-01 13:15:00 SS/MAY/SB/066/FF","Experimental",NA
"547","2022-02-02 09:00:00 SS/MAY/SB/020/FF","Experimental",NA
"548","2022-02-02 09:00:00 SS/UYO/SB/085/FF","Control",NA
"549","2022-02-02 09:00:00 SS/UYO/SB/088/FF","Control",NA
"550","2022-02-02 09:00:00 SS/UYO/SB/092/FF","Control",NA
"551","2022-02-02 09:00:00 SS/UYO/SB/095/FF","Experimental",0.819024042468536
"552","2022-02-02 09:00:00 SS/UYO/SB/100/FF","Control",NA
"553","2022-02-02 09:00:00 SS/UYO/SB/100/FF","Experimental",1.5993649289374
"554","2022-02-03 12:09:00 SS/MAY/SB/033/FF","Experimental",NA
"555","2022-02-03 12:25:00 SS/MAY/SB/001/FF","Control",2.03101050550254
"556","2022-02-03 12:25:00 SS/MAY/SB/045/FF","Experimental",NA
"557","2022-02-03 12:29:00 SS/MAY/SB/019/FF","Control",1.01182508686632
"558","2022-02-03 12:41:00 SS/MAY/SB/004/FF","Control",1.35400700366836
"559","2022-02-03 12:41:00 SS/MAY/SB/072/FF","Experimental",NA
"560","2022-02-03 13:20:00 SS/MAY/SB/022/FF","Experimental",NA
"561","2022-02-03 13:26:00 SS/MAY/SB/003/FF","Experimental",1.30011233322236
"562","2022-02-03 13:28:00 SS/MAY/SB/010/FF","Experimental",NA
"563","2022-02-05 12:18:00 SS/MAY/SB/068/FF","Control",1.73348311096315
"564","2022-02-05 12:18:00 SS/MAY/SB/068/FF","Experimental",NA
"565","2022-02-05 12:39:00 SS/MAY/SB/014/FF","Control",1.8053944701365
"566","2022-02-05 12:43:00 SS/MAY/SB/019/FF","Experimental",NA
"567","2022-02-05 12:45:00 SS/MAY/SB/003/FF","Experimental",NA
"568","2022-02-05 12:45:00 SS/MAY/SB/011/FF","Control",1.21585141379462
"569","2022-02-05 12:50:00 SS/MAY/SB/066/FF","Control",2.10201522436899
"570","2022-02-05 12:50:00 SS/MAY/SB/066/FF","Experimental",NA
"571","2022-02-05 13:12:00 SS/MAY/SB/010/FF","Experimental",NA
"572","2022-02-05 13:15:00 SS/MAY/SB/045/FF","Control",1.36872068625929
"573","2022-02-05 13:15:00 SS/MAY/SB/045/FF","Experimental",NA
"574","2022-02-05 13:18:00 SS/MAY/SB/032/FF","Experimental",NA
"575","2022-02-06 13:57:00 SS/MAY/SB/082/FF","Experimental",NA
"576","2022-02-06 13:59:00 SS/MAY/SB/058/FF","Experimental",NA
"577","2022-02-07 12:18:00 SS/MAY/SB/018/FF","Control",2.88968810375551
"578","2022-02-07 12:40:00 SS/MAY/SB/006/FF","Control",2.05308102938894
"579","2022-02-07 12:40:00 SS/MAY/SB/019/FF","Control",2.03101050550254
"580","2022-02-07 12:49:00 SS/MAY/SB/033/FF","Control",NA
"581","2022-02-07 12:49:00 SS/MAY/SB/068/FF","Control",NA
"582","2022-02-07 12:49:00 SS/MAY/SB/068/FF","Experimental",1.530599325576
"583","2022-02-07 13:00:00 SS/MAY/SB/039/FF","Control",NA
"584","2022-02-07 13:00:00 SS/UYO/SB/085/FF","Control",0.819024042468536
"585","2022-02-07 13:00:00 SS/UYO/SB/086/FF","Control",1.11288147005006
"586","2022-02-07 13:00:00 SS/UYO/SB/091/FF","Control",NA
"587","2022-02-07 13:00:00 SS/UYO/SB/091/FF","Experimental",1.80185289343078
"588","2022-02-07 13:00:00 SS/UYO/SB/099/FF","Control",0.536103702057102
"589","2022-02-07 13:00:00 SS/UYO/SB/100/FF","Control",NA
"590","2022-02-07 13:00:00 SS/UYO/SB/100/FF","Experimental",NA
"591","2022-02-07 13:08:00 SS/MAY/SB/045/FF","Experimental",NA
"592","2022-02-07 13:21:00 SS/MAY/SB/032/FF","Experimental",2.07616335755706
"593","2022-02-09 10:00:00 SS/MAY/SB/039/FF","Control",NA
"594","2022-02-09 10:00:00 SS/UYO/SB/085/FF","Control",0.741920980033374
"595","2022-02-09 10:00:00 SS/UYO/SB/088/FF","Control",1.8053944701365
"596","2022-02-09 10:00:00 SS/UYO/SB/093/FF","Control",0.982828850962244
"597","2022-02-09 10:00:00 SS/UYO/SB/100/FF","Control",1.5993649289374
"598","2022-02-09 10:00:00 SS/UYO/SB/100/FF","Experimental",NA
"599","2022-02-09 12:46:00 SS/MAY/SB/001/FF","Control",NA
"600","2022-02-09 12:46:00 SS/MAY/SB/014/FF","Control",NA
"601","2022-02-09 12:48:00 SS/MAY/SB/068/FF","Control",NA
"602","2022-02-09 12:49:00 SS/MAY/SB/019/FF","Control",NA
"603","2022-02-09 13:15:00 SS/MAY/SB/010/FF","Experimental",NA
"604","2022-02-09 13:15:00 SS/MAY/SB/066/FF","Control",NA
"605","2022-02-09 13:37:00 SS/MAY/SB/070/FF","Control",NA
"606","2022-02-09 13:37:00 SS/MAY/SB/070/FF","Experimental",NA
"607","2022-02-09 13:39:00 SS/MAY/SB/003/FF","Control",NA
"608","2022-02-09 13:39:00 SS/MAY/SB/074/FF","Experimental",1.11773989839922
"609","2022-02-09 13:59:00 SS/MAY/SB/025/FF","Experimental",NA
"610","2022-02-11 11:00:00 SS/UYO/SB/088/FF","Control",NA
"611","2022-02-11 11:00:00 SS/UYO/SB/089/FF","Control",2.22576294010012
"612","2022-02-11 11:00:00 SS/UYO/SB/091/FF","Experimental",NA
"613","2022-02-11 11:00:00 SS/UYO/SB/095/FF","Experimental",NA
"614","2022-02-11 12:15:00 SS/MAY/SB/014/FF","Control",NA
"615","2022-02-11 12:18:00 SS/MAY/SB/043/FF","Experimental",NA
"616","2022-02-11 12:30:00 SS/MAY/SB/019/FF","Control",NA
"617","2022-02-11 12:32:00 SS/MAY/SB/026/FF","Experimental",NA
"618","2022-02-11 12:32:00 SS/MAY/SB/027/FF","Control",1.37969037552002
"619","2022-02-11 12:32:00 SS/MAY/SB/027/FF","Experimental",NA
"620","2022-02-11 12:37:00 SS/MAY/SB/035/FF","Control",NA
"621","2022-02-11 12:45:00 SS/MAY/SB/066/FF","Control",NA
"622","2022-02-11 12:47:00 SS/MAY/SB/077/FF","Control",NA
"623","2022-02-11 12:49:00 SS/MAY/SB/033/FF","Control",NA
"624","2022-02-11 13:20:00 SS/MAY/SB/010/FF","Experimental",NA
"625","2022-02-13 12:16:00 SS/MAY/SB/014/FF","Control",NA
"626","2022-02-13 12:22:00 SS/MAY/SB/033/FF","Control",1.61933644453052
"627","2022-02-13 12:22:00 SS/MAY/SB/033/FF","Experimental",NA
"628","2022-02-13 12:39:00 SS/MAY/SB/019/FF","Control",NA
"629","2022-02-13 12:40:00 SS/MAY/SB/076/FF","Control",2.62348433738803
"630","2022-02-13 12:53:00 SS/MAY/SB/035/FF","Control",NA
"631","2022-02-13 12:53:00 SS/MAY/SB/035/FF","Experimental",NA
"632","2022-02-13 13:40:00 SS/MAY/SB/033/FF","Control",1.61933644453052
"633","2022-02-13 13:50:00 SS/MAY/SB/066/FF","Control",2.73744137251859
"634","2022-02-13 13:53:00 SS/MAY/SB/043/FF","Control",NA
"635","2022-02-14 13:00:00 SS/UYO/SB/089/FF","Control",1.11288147005006
"636","2022-02-15 12:46:00 SS/MAY/SB/036/FF","Control",NA
"637","2022-02-15 12:49:00 SS/MAY/SB/045/FF","Control",2.89215026564894
"638","2022-02-15 12:49:00 SS/MAY/SB/045/FF","Experimental",NA
"639","2022-02-15 13:13:00 SS/MAY/SB/074/FF","Experimental",2.10201522436899
"640","2022-02-15 15:12:00 SS/MAY/SB/066/FF","Control",NA
"641","2022-02-16 12:43:00 SS/MAY/SB/027/FF","Control",NA
"642","2022-02-16 12:43:00 SS/MAY/SB/027/FF","Experimental",NA
"643","2022-02-16 13:51:00 SS/MAY/SB/015/FF","Experimental",NA
"644","2022-02-16 13:52:00 SS/MAY/SB/070/FF","Experimental",NA
"645","2022-02-17 12:11:00 SS/MAY/SB/013/FF","Experimental",2.03101050550254
"646","2022-02-17 12:11:00 SS/MAY/SB/077/FF","Control",NA
"647","2022-02-17 12:30:00 SS/MAY/SB/034/FF","Control",NA
"648","2022-02-17 12:38:00 SS/MAY/SB/072/FF","Control",NA
"649","2022-02-17 12:47:00 SS/MAY/SB/011/FF","Control",NA
"650","2022-02-17 12:47:00 SS/MAY/SB/031/FF","Control",NA
"651","2022-02-17 13:38:00 SS/MAY/SB/006/FF","Control",NA
"652","2022-02-17 13:44:00 SS/MAY/SB/066/FF","Control",NA
"653","2022-02-17 13:44:00 SS/MAY/SB/066/FF","Experimental",2.89215026564894
"654","2022-02-17 13:44:00 SS/MAY/SB/068/FF","Control",2.42906800293166
"655","2022-02-17 13:48:00 SS/MAY/SB/033/FF","Control",NA
"656","2022-03-07 00:05:00 SS/UYO/SB/090/FF","Control",0.927401225041718
"657","2022-03-07 00:05:00 SS/UYO/SB/093/FF","Experimental",NA
"658","2022-03-07 00:05:00 SS/UYO/SB/100/FF","Control",NA
"659","2022-03-07 00:05:00 SS/UYO/SB/100/FF","Experimental",1.96565770192449
"660","2022-03-28 00:05:00 SS/UYO/SB/088/FF","Experimental",1.14663365945595
"661","2022-03-28 00:05:00 SS/UYO/SB/090/FF","Control",NA
"662","2022-03-28 00:05:00 SS/UYO/SB/091/FF","Control",NA
"663","2022-03-28 00:05:00 SS/UYO/SB/094/FF","Control",1.11288147005006
"664","2022-03-28 00:05:00 SS/UYO/SB/100/FF","Control",1.85480245008344
"665","2022-04-01 12:57:00 SS/MAY/SB/015/FF","Experimental",NA
"666","2022-04-01 12:58:00 SS/MAY/SB/030/FF","Experimental",NA
"667","2022-04-01 12:59:00 SS/MAY/SB/028/FF","Experimental",NA
"668","2022-04-04 05:30:00 SS/UYO/SB/089/FF","Control",NA
"669","2022-04-04 12:37:00 SS/MAY/SB/027/FF","Experimental",NA
"670","2022-04-04 12:51:00 SS/MAY/SB/035/FF","Experimental",NA
"671","2022-04-04 12:57:00 SS/MAY/SB/017/FF","Experimental",NA
"672","2022-04-04 15:30:00 SS/UYO/SB/095/FF","Control",0.556440735025031
"673","2022-04-04 15:30:00 SS/UYO/SB/100/FF","Experimental",1.96565770192449
"674","2022-04-06 16:30:00 SS/UYO/SB/092/FF","Experimental",0.691425503134116
"675","2022-04-07 12:52:00 SS/MAY/SB/002/FF","Control",NA
"676","2022-04-07 12:52:00 SS/MAY/SB/015/FF","Experimental",NA
"677","2022-04-07 12:53:00 SS/MAY/SB/058/FF","Experimental",NA
"678","2022-04-07 12:55:00 SS/MAY/SB/065/FF","Experimental",NA
"679","2022-04-07 12:57:00 SS/MAY/SB/082/FF","Experimental",NA
"680","2022-04-07 12:58:00 SS/MAY/SB/070/FF","Experimental",NA
"681","2022-04-09 13:04:00 SS/MAY/SB/028/FF","Experimental",NA
"682","2022-04-11 12:17:00 SS/MAY/SB/033/FF","Control",NA
"683","2022-04-11 12:37:00 SS/MAY/SB/026/FF","Control",NA
"684","2022-04-11 12:52:00 SS/MAY/SB/070/FF","Experimental",NA
"685","2022-04-11 12:54:00 SS/MAY/SB/082/FF","Experimental",NA
"686","2022-04-11 12:57:00 SS/MAY/SB/025/FF","Experimental",NA
"687","2022-04-14 09:00:00 SS/UYO/SB/089/FF","Experimental",0.838448344497878
"688","2022-04-14 12:59:00 SS/MAY/SB/028/FF","Experimental",NA
"689","2022-04-18 11:00:00 SS/UYO/SB/085/FF","Control",NA
"690","2022-04-18 11:00:00 SS/UYO/SB/085/FF","Experimental",0.819024042468536
"691","2022-04-18 11:00:00 SS/UYO/SB/088/FF","Control",NA
"692","2022-04-18 11:00:00 SS/UYO/SB/091/FF","Control",2.2932673189119
"693","2022-04-18 11:00:00 SS/UYO/SB/091/FF","Experimental",NA
"694","2022-04-18 11:00:00 SS/UYO/SB/099/FF","Control",1.47424327644337
"695","2022-04-18 11:00:00 SS/UYO/SB/100/FF","Experimental",2.12946251041819
"696","2022-04-18 12:43:00 SS/MAY/SB/043/FF","Control",NA
"697","2022-04-18 12:43:00 SS/MAY/SB/065/FF","Experimental",NA
"698","2022-04-18 12:50:00 SS/MAY/SB/042/FF","Control",1.35400700366836
"699","2022-04-19 11:30:00 SS/MAY/SB/039/FF","Control",NA
"700","2022-04-19 11:30:00 SS/UYO/SB/085/FF","Control",NA
"701","2022-04-19 11:30:00 SS/UYO/SB/091/FF","Control",4.45152588020025
"702","2022-04-19 11:30:00 SS/UYO/SB/092/FF","Experimental",0.819024042468536
"703","2022-04-19 11:30:00 SS/UYO/SB/100/FF","Experimental",2.2932673189119
"704","2022-04-19 13:00:00 SS/UYO/SB/091/FF","Control",4.45152588020025
"705","2022-04-20 00:05:00 SS/UYO/SB/071/FF","Control",NA
"706","2022-04-20 00:05:00 SS/UYO/SB/085/FF","Control",1.01012521827625
"707","2022-04-20 00:05:00 SS/UYO/SB/085/FF","Experimental",NA
"708","2022-04-20 00:05:00 SS/UYO/SB/088/FF","Control",0.927401225041718
"709","2022-04-20 00:05:00 SS/UYO/SB/091/FF","Control",2.86492766835969
"710","2022-04-20 00:05:00 SS/UYO/SB/100/FF","Control",1.96565770192449
"711","2022-04-21 12:43:00 SS/MAY/SB/042/FF","Experimental",NA
"712","2022-04-21 12:50:00 SS/MAY/SB/033/FF","Experimental",NA
"713","2022-04-21 12:52:00 SS/MAY/SB/035/FF","Experimental",NA
"714","2022-04-21 13:22:00 SS/MAY/SB/028/FF","Experimental",NA
"715","2022-04-25 07:00:00 SS/UYO/SB/039/FF","Control",0.84177101523021
"716","2022-04-25 07:00:00 SS/UYO/SB/086/FF","Control",1.36977597258892
"717","2022-04-25 07:00:00 SS/UYO/SB/088/FF","Experimental",NA
"718","2022-04-25 07:00:00 SS/UYO/SB/090/FF","Control",0.556440735025031
"719","2022-04-25 07:00:00 SS/UYO/SB/091/FF","Experimental",NA
"720","2022-04-25 07:00:00 SS/UYO/SB/100/FF","Control",2.79482781499293
"721","2022-04-25 07:00:00 SS/UYO/SB/100/FF","Experimental",NA
"722","2022-04-26 07:30:00 SS/UYO/SB/039/FF","Control",0.84177101523021
"723","2022-04-26 07:30:00 SS/UYO/SB/071/FF","Experimental",0.819024042468536
"724","2022-04-26 07:30:00 SS/UYO/SB/088/FF","Control",1.63804808493707
"725","2022-04-26 07:30:00 SS/UYO/SB/088/FF","Experimental",NA
"726","2022-04-26 07:30:00 SS/UYO/SB/089/FF","Control",1.11288147005006
"727","2022-04-26 07:30:00 SS/UYO/SB/091/FF","Control",2.59672343011681
"728","2022-04-26 07:30:00 SS/UYO/SB/092/FF","Experimental",1.31043846794966
"729","2022-04-26 07:30:00 SS/UYO/SB/095/FF","Control",NA
"730","2022-04-26 07:30:00 SS/UYO/SB/100/FF","Control",NA
"731","2022-04-26 07:30:00 SS/UYO/SB/100/FF","Experimental",1.96565770192449
"732","2022-04-27 08:00:00 SS/UYO/SB/039/FF","Control",0.925948116753231
"733","2022-04-27 08:00:00 SS/UYO/SB/085/FF","Control",NA
"734","2022-04-27 08:00:00 SS/UYO/SB/088/FF","Experimental",2.10201522436899
"735","2022-04-27 08:00:00 SS/UYO/SB/090/FF","Control",0.84177101523021
"736","2022-04-27 08:00:00 SS/UYO/SB/092/FF","Experimental",NA
"737","2022-04-27 08:00:00 SS/UYO/SB/094/FF","Control",NA
